[
  {
    "Id": "432257",
    "ThreadId": "209656",
    "Html": "<p>Hi,</p>\r\n<p>I've set up F# and the PowerPack--both the latest versions, gonna party like its 1.9.9.9--and was successful in passing a lexer spec through fslex.exe itself. In trying to compile the output, however, I am running into what appears to be a runtime dependency (for Lexing):</p>\r\n<p>/opt/fsharp/bin/fsc.exe --lib:/opt/fsharp-power/bin/gac\\;/opt/fsharp-power/bin example.fsMicrosoft (R) F# 2.0 Compiler build 1.9.9.9Copyright (c) Microsoft Corporation. All Rights Reserved.<br>\\home\\gkt\\Work\\lexer\\example.fs(113,43): error FS0039: The value, constructor, namespace or type 'Lexing' is not defined</p>\r\n<p>example.fs is the generated lexer and has the following code that references Lexing:</p>\r\n<p>let _fslex_tables = Microsoft.FSharp.Text.Lexing.AsciiTables.Create(trans,actions)</p>\r\n<p>If the correct answer is that I need to move a DLL from the F# SDK (on Windows), that is fine. But I'd like to know whether anyone else has tried this and discovered any other important dependencies to make the PowerPack work in general.</p>\r\n<p>George</p>",
    "PostedDate": "2010-04-17T08:15:48.593-07:00",
    "UserRole": null,
    "MarkedAsAnswerDate": null
  },
  {
    "Id": "432258",
    "ThreadId": "209656",
    "Html": "<p>I neglected to mention that I am running Mono on Linux but hope that my use of &quot;/&quot; in the pathnames makes this clear. :)</p>",
    "PostedDate": "2010-04-17T08:20:31.49-07:00",
    "UserRole": null,
    "MarkedAsAnswerDate": null
  }
]