[
  {
    "Id": "451941",
    "ThreadId": "215041",
    "Html": "<p>I am trying to compile this project:</p>\r\n<p><a href=\"http://ramon.org.il/Here.zip\">http://ramon.org.il/Here.zip</a></p>\r\n<p>But I get a bunch of non-sense errors. They got text I am familiar with, but in the position there is nothing like that (like unexpected ')' at an empty row).</p>\r\n<p>Help me, please!</p>",
    "PostedDate": "2010-06-04T23:33:44.637-07:00",
    "UserRole": null,
    "MarkedAsAnswerDate": null
  },
  {
    "Id": "455424",
    "ThreadId": "215041",
    "Html": "<p>Hi Ramon,</p>\r\n<p>sorry for the late reply.</p>\r\n<p>I do not seem to be able to download the project anymore.</p>\r\n<p>Were you able to resolve this?</p>\r\n<p>Thanks,</p>\r\n<p>Dmitry</p>\r\n<p>&nbsp;</p>",
    "PostedDate": "2010-06-14T15:44:13.72-07:00",
    "UserRole": null,
    "MarkedAsAnswerDate": null
  }
]