[
  {
    "Id": "542317",
    "ThreadId": "240049",
    "Html": "\r\n<p>Experimenting with parallel execution.</p>\r\n<p>Want to use PSeq, but not recognized.</p>\r\n<p>&nbsp;</p>\r\n<p>Added all 3 PowerPack .dll:</p>\r\n<p>FSharp.PowerPack</p>\r\n<p>FSharp.PowerPack.Linq</p>\r\n<p>FSharp.PowerPack.Parallel.Seq</p>\r\n<p>and I have a</p>\r\n<p>open Microsoft.FSharp.Collections</p>\r\n<p>first in the file.</p>\r\n<p>&nbsp;</p>\r\n<p>What more should I have?</p>\r\n<p>&nbsp;</p>\r\n<p>What does the comment</p>\r\n<p>&quot;<strong>F# Parallel LINQ Integration</strong><br>\r\n<em>...</em><br>\r\n<em>Note: This assembly is not installed into the GAC when you install the PowerPack MSI&quot;</em></p>\r\n<p><em>&nbsp;</em>mean? Should I add it manually? Or do you want to say that when I send someone an executable, it will not work unless I make an installer?</p>\r\n<p>&nbsp;</p>\r\n<p>I see that this person had the same issue, and he solved it by not using the installer: http://cs.hubfs.net/forums/thread/16353.aspx</p>\r\n<p>I am currently using async {} but that is overkill for my application.</p>\r\n<p>&nbsp;</p>\r\n<p>P.s. I am using System.Collections.Concurrent.ConcurrentDictionary for some global caches, and the interface is really nice. Look at GetOrAdd, which have a function as 2nd arg to create the new element if missing.</p>\r\n",
    "PostedDate": "2010-12-30T12:43:16.743-08:00",
    "UserRole": null,
    "MarkedAsAnswerDate": null
  },
  {
    "Id": "542456",
    "ThreadId": "240049",
    "Html": "\r\n<p>I solved it for now by implementing Pseq.map like this, found the code at</p>\r\n<p>http://blogs.msdn.com/b/jomo_fisher/archive/2008/09/16/f-performance-tweaking.aspx</p>\r\n<p>Is the return necessary?</p>\r\n<p>&nbsp;</p>\r\n<p>let in_parallel = true<br>\r\n<br>\r\nlet map_parallel func items =&nbsp;&nbsp; <br>\r\n&nbsp;&nbsp;&nbsp; if in_parallel then<br>\r\n&nbsp;&nbsp;&nbsp;&nbsp;&nbsp;&nbsp;&nbsp; let tasks =&nbsp;&nbsp;&nbsp;&nbsp;&nbsp;&nbsp;\r\n<br>\r\n&nbsp;&nbsp;&nbsp;&nbsp;&nbsp;&nbsp;&nbsp;&nbsp;&nbsp;&nbsp;&nbsp; seq {&nbsp;&nbsp;&nbsp;&nbsp;&nbsp;&nbsp;&nbsp;&nbsp;&nbsp;&nbsp;\r\n<br>\r\n&nbsp;&nbsp;&nbsp;&nbsp;&nbsp;&nbsp;&nbsp;&nbsp;&nbsp;&nbsp;&nbsp;&nbsp;&nbsp;&nbsp;&nbsp;&nbsp; for i in items -&gt; async {&nbsp;&nbsp;&nbsp;&nbsp;&nbsp;&nbsp;&nbsp;&nbsp;&nbsp;&nbsp;&nbsp;&nbsp;&nbsp;&nbsp;\r\n<br>\r\n&nbsp;&nbsp;&nbsp;&nbsp;&nbsp;&nbsp;&nbsp;&nbsp;&nbsp;&nbsp;&nbsp;&nbsp;&nbsp;&nbsp;&nbsp;&nbsp;&nbsp;&nbsp;&nbsp;&nbsp;&nbsp;&nbsp;&nbsp; return (func i)&nbsp;&nbsp;&nbsp;&nbsp;&nbsp;&nbsp;&nbsp;&nbsp;&nbsp;&nbsp;\r\n<br>\r\n&nbsp;&nbsp;&nbsp;&nbsp;&nbsp;&nbsp;&nbsp;&nbsp;&nbsp;&nbsp;&nbsp;&nbsp;&nbsp;&nbsp;&nbsp;&nbsp;&nbsp;&nbsp;&nbsp;&nbsp;&nbsp;&nbsp;&nbsp; }&nbsp;&nbsp;&nbsp;&nbsp;&nbsp;&nbsp;\r\n<br>\r\n&nbsp;&nbsp;&nbsp;&nbsp;&nbsp;&nbsp;&nbsp;&nbsp;&nbsp;&nbsp;&nbsp;&nbsp;&nbsp;&nbsp;&nbsp; }&nbsp;&nbsp;\r\n<br>\r\n&nbsp;&nbsp;&nbsp;&nbsp;&nbsp;&nbsp;&nbsp; Async.RunSynchronously (Async.Parallel tasks)&nbsp; // was .Run<br>\r\n&nbsp;&nbsp;&nbsp; else<br>\r\n&nbsp;&nbsp;&nbsp;&nbsp;&nbsp;&nbsp;&nbsp; Seq.map func items |&gt; Seq.toArray</p>\r\n<p>&nbsp;</p>\r\n<p>&nbsp;</p>\r\n",
    "PostedDate": "2010-12-31T00:18:42.73-08:00",
    "UserRole": null,
    "MarkedAsAnswerDate": null
  },
  {
    "Id": "542458",
    "ThreadId": "240049",
    "Html": "\r\n<p>Problem solved. The FSharp.PowerPack.Parallel.Seq DLL was added to the wrong sub-project.</p>\r\n<p>However, at least now I really understand what async { } does. :-)</p>\r\n",
    "PostedDate": "2010-12-31T00:35:59.09-08:00",
    "UserRole": null,
    "MarkedAsAnswerDate": null
  },
  {
    "Id": "542480",
    "ThreadId": "240049",
    "Html": "\r\n<div>\r\n<p><span style=\"font-size:11.0pt; font-family:\"></span></p>\r\n<p><span style=\"font-size:11.0pt; font-family:\">Just add it to the GAC manually if you need, or copy it alongside your .exe</span></p>\r\n<p><span style=\"font-size:11.0pt; font-family:\"></span></p>\r\n<p><span style=\"font-size:11.0pt; font-family:\">Thanks</span></p>\r\n<p><span style=\"font-size:11.0pt; font-family:\">Don</span></p>\r\n<p><span style=\"font-size:11.0pt; font-family:\"></span></p>\r\n<p><span style=\"font-size:11.0pt; font-family:\"></span></p>\r\n<div>\r\n<div style=\"border:none; border-top:solid #B5C4DF 1.0pt; padding:3.0pt 0cm 0cm 0cm\">\r\n<p><b><span lang=\"EN-US\" style=\"font-size:10.0pt; font-family:\">From:</span></b><span lang=\"EN-US\" style=\"font-size:10.0pt; font-family:\"> mattiasw [email removed]\r\n<br>\r\n<b>Sent:</b> 30 December 2010 21:43<br>\r\n<b>To:</b> Don Syme<br>\r\n<b>Subject:</b> PSeq: What does the comment &quot;not installed into the GAC mean&quot;? [fsharppowerpack:240049]</span></p>\r\n</div>\r\n</div>\r\n<p></p>\r\n<p><span style=\"font-size:9.0pt; font-family:\">From: mattiasw</span></p>\r\n<div id=\"x_x_ThreadNotificationPostBody\" style=\"margin-bottom:24.0pt\">\r\n<p><span style=\"font-size:9.0pt; font-family:\">Experimenting with parallel execution.</span></p>\r\n<p><span style=\"font-size:9.0pt; font-family:\">Want to use PSeq, but not recognized.</span></p>\r\n<p><span style=\"font-size:9.0pt; font-family:\"></span></p>\r\n<p><span style=\"font-size:9.0pt; font-family:\">Added all 3 PowerPack .dll:</span></p>\r\n<p><span style=\"font-size:9.0pt; font-family:\">FSharp.PowerPack</span></p>\r\n<p><span style=\"font-size:9.0pt; font-family:\">FSharp.PowerPack.Linq</span></p>\r\n<p><span style=\"font-size:9.0pt; font-family:\">FSharp.PowerPack.Parallel.Seq</span></p>\r\n<p><span style=\"font-size:9.0pt; font-family:\">and I have a</span></p>\r\n<p><span style=\"font-size:9.0pt; font-family:\">open Microsoft.FSharp.Collections</span></p>\r\n<p><span style=\"font-size:9.0pt; font-family:\">first in the file.</span></p>\r\n<p><span style=\"font-size:9.0pt; font-family:\"></span></p>\r\n<p><span style=\"font-size:9.0pt; font-family:\">What more should I have?</span></p>\r\n<p><span style=\"font-size:9.0pt; font-family:\"></span></p>\r\n<p><span style=\"font-size:9.0pt; font-family:\">What does the comment</span></p>\r\n<p><span style=\"font-size:9.0pt; font-family:\">&quot;<strong><span style=\"font-family:\">F# Parallel LINQ Integration</span></strong><br>\r\n<em><span style=\"font-family:\">...</span></em><br>\r\n<em><span style=\"font-family:\">Note: This assembly is not installed into the GAC when you install the PowerPack MSI&quot;</span></em></span></p>\r\n<p><em><span style=\"font-size:9.0pt; font-family:\"></span></em><span style=\"font-size:9.0pt; font-family:\">mean? Should I add it manually? Or do you want to say that when I send someone an executable, it will not work unless I make an installer?</span></p>\r\n<p><span style=\"font-size:9.0pt; font-family:\"></span></p>\r\n<p><span style=\"font-size:9.0pt; font-family:\">I see that this person had the same issue, and he solved it by not using the installer:\r\n<a href=\"http://cs.hubfs.net/forums/thread/16353.aspx\">http://cs.hubfs.net/forums/thread/16353.aspx</a></span></p>\r\n<p><span style=\"font-size:9.0pt; font-family:\">I am currently using async {} but that is overkill for my application.</span></p>\r\n<p><span style=\"font-size:9.0pt; font-family:\"></span></p>\r\n<p><span style=\"font-size:9.0pt; font-family:\">P.s. I am using System.Collections.Concurrent.ConcurrentDictionary for some global caches, and the interface is really nice. Look at GetOrAdd, which have a function as 2nd arg to create the new element if missing.</span></p>\r\n</div>\r\n</div>\r\n",
    "PostedDate": "2010-12-31T02:48:27.35-08:00",
    "UserRole": null,
    "MarkedAsAnswerDate": null
  }
]