[
  {
    "Id": "534235",
    "ThreadId": "237962",
    "Html": "\r\n<p>The description of this CodePlex project is <strong>highly misleading</strong> - the download\r\n<em>only</em> includes the F# PowerPack 2.0, and <em>not</em> the source code the the F# compiler or library! To get the actual source code one needs to use version control (SVN or TFS) to download from the server.</p>\r\n<p>I hope this can be corrected as soon as possible.</p>\r\n",
    "PostedDate": "2010-12-10T17:19:59.413-08:00",
    "UserRole": null,
    "MarkedAsAnswerDate": null
  },
  {
    "Id": "534287",
    "ThreadId": "237962",
    "Html": "\r\n<p>I adjusted this:</p>\r\n<div style=\"padding-left:30px\"><em>The F# PowerPack includes open source code drop(s) of the F# compiler and core library under the OSS approved Apache 2.0 license, but does not include binary builds of these.</em></div>\r\n<div class=\"wikidoc\"><em>&nbsp;</em></div>\r\n<div class=\"wikidoc\">to this:</div>\r\n<div class=\"wikidoc\">\r\n<div style=\"padding-left:30px\"><em>The F# PowerPack source code tree includes open source code drop(s) of the F# compiler and core library under the OSS approved Apache 2.0 license. (Note: the&nbsp;PowerPack&nbsp;ZIPs do not include source or binary builds\r\n of these. To access the source code drops, browse the source or use SVN, TFS or another source code access tool).</em></div>\r\n<div class=\"wikidoc\">thanks</div>\r\n<div class=\"wikidoc\">don</div>\r\n</div>\r\n",
    "PostedDate": "2010-12-10T22:57:06.993-08:00",
    "UserRole": null,
    "MarkedAsAnswerDate": null
  },
  {
    "Id": "534447",
    "ThreadId": "237962",
    "Html": "\r\n<p>Thanks for the quick response and update, Don. It's crystal clear now.</p>\r\n",
    "PostedDate": "2010-12-11T12:56:33.323-08:00",
    "UserRole": null,
    "MarkedAsAnswerDate": null
  }
]