[
  {
    "Id": "456414",
    "ThreadId": "216298",
    "Html": "<p>We are upgrading our projects to VS2010 and .NET 4.0 at the same time.</p>\r\n<p>I am linking against FSharp.Core assembly v4.0 and FSharp.Powerpack v2.0 (fslex/fsyacc generated code). I noticed that the latter is build against the CLR version 2.0.</p>\r\n<p>Magically, everything works. I only noticed that I am using 2 CLR versions in one executable when in a deployment project dependencies on 2 versions of FSharp.Core came up.</p>\r\n<p>The executable is configured with &lt;tt&gt;&lt;startup useLegacyV2RuntimeActivationPolicy=&quot;true&quot;/&gt;&lt;/tt&gt;, so I assume that in the end, FSharp.Core 2.0 is using CLR 4.0.</p>\r\n<p>My questions are:</p>\r\n<ol>\r\n<li>in minimo, is there anything wrong with that? Should I just deploy 2 builds of FSharp.Core and learn not to worry about it?</li>\r\n<li>in maximo, why is not there a PowerPack build for .NET 4.0 (except one PLINQ assy)?</li>\r\n</ol>\r\n<p>Thanks,</p>\r\n<p>&nbsp;-kkm</p>\r\n<ol> </ol>",
    "PostedDate": "2010-06-16T17:13:17.667-07:00",
    "UserRole": null,
    "MarkedAsAnswerDate": null
  },
  {
    "Id": "457447",
    "ThreadId": "216298",
    "Html": "<p>F# PowerPack is indeed built for .Net 2.0, but, as any other F# porgram, is binary compatible with .Net 4.0. So if you are only targeting 4.0 with your app, you can just deploy FSharp.Core for 4.0 and FShapr.PowerPack.dll.</p>\r\n<p>Hope this helps,<br>Dmitry</p>\r\n<p>&nbsp;</p>",
    "PostedDate": "2010-06-18T15:48:42.027-07:00",
    "UserRole": null,
    "MarkedAsAnswerDate": null
  },
  {
    "Id": "457659",
    "ThreadId": "216298",
    "Html": "<p>Dmitry,</p>\r\n<p>Thank you for the clarification. When I am building a deployable MSI package using Visual Studio's deployment project type, both FSharp.Core libarary versions 2.0 and 4.0 are automatically picked up as dependencies and, consequently, installed when the package is run. So far there were no problems because of that, but I want to make sure this is ok.</p>\r\n<p>I am understanding your answer as what I am doing is all right. Correct? I am sorry for my endless reasking of, one may think, obvious questions but I am more conversant in programming scientific applications that in .NET library dependency resolution. This part seems more like black magic to me...</p>",
    "PostedDate": "2010-06-19T16:53:08.35-07:00",
    "UserRole": null,
    "MarkedAsAnswerDate": null
  },
  {
    "Id": "457680",
    "ThreadId": "216298",
    "Html": "<p>Yes, sounds like you are doing everything right.</p>\r\n<p>Fell free to ping me here or directly dmitry.lomov(at)microsoft.com if you have any further questions/issues.</p>\r\n<p>Kind regards,<br>Dmitry&nbsp;</p>",
    "PostedDate": "2010-06-19T21:42:01.507-07:00",
    "UserRole": null,
    "MarkedAsAnswerDate": null
  },
  {
    "Id": "457694",
    "ThreadId": "216298",
    "Html": "<p>Thanks for your help!</p>",
    "PostedDate": "2010-06-20T01:26:41.083-07:00",
    "UserRole": null,
    "MarkedAsAnswerDate": null
  }
]