[
  {
    "Id": "431366",
    "ThreadId": "209423",
    "Html": "<p>Is there going to be a parallel version of Matrix and Vector soon? One of benefits of functional programming is said to be the parallelism so I think it will not be that difficult to implement, right?</p>\r\n<p>Best regards,</p>\r\n<p>Oldrich</p>",
    "PostedDate": "2010-04-15T03:38:18.197-07:00",
    "UserRole": null,
    "MarkedAsAnswerDate": null
  },
  {
    "Id": "431382",
    "ThreadId": "209423",
    "Html": "<p>U can do it yourself :)</p>",
    "PostedDate": "2010-04-15T04:40:46.487-07:00",
    "UserRole": null,
    "MarkedAsAnswerDate": null
  },
  {
    "Id": "431385",
    "ThreadId": "209423",
    "Html": "<div style=\"color:#000000;font-family:'Segoe UI', 'Microsoft Sans Serif', Arial, Geneva, sans-serif;font-size:10pt;background-image:initial;background-attachment:initial;background-color:#ffffff;margin:8px\">\r\n<p>I am new to F#. I would do it by interchanging all for loops by parallel.for loops in the matrix.fs file and I do not know if it is the correct way.&nbsp;</p>\r\n<p>I prefer out of box solution made by&nbsp;professionals&nbsp;:)</p>\r\n</div>",
    "PostedDate": "2010-04-15T04:51:01.693-07:00",
    "UserRole": null,
    "MarkedAsAnswerDate": null
  },
  {
    "Id": "431387",
    "ThreadId": "209423",
    "Html": "<p>But if U can't wait (as in my case), make an extension with Parallel.For loops.</p>\r\n<p>With n-core machine this is really faster (e.g init or map methods).&nbsp;</p>\r\n<p>&nbsp;</p>\r\n<p>&nbsp;</p>",
    "PostedDate": "2010-04-15T04:56:26.963-07:00",
    "UserRole": null,
    "MarkedAsAnswerDate": null
  },
  {
    "Id": "434377",
    "ThreadId": "209423",
    "Html": "<p>Our project <a href=\"http://mathnetnumerics.codeplex.com/\">Math.Net Numerics</a> has a parallel implementation of the matrix multiplication which might be of interest to you.</p>\r\n<p>J</p>",
    "PostedDate": "2010-04-22T15:35:01.32-07:00",
    "UserRole": null,
    "MarkedAsAnswerDate": null
  }
]