[
  {
    "Id": "546398",
    "ThreadId": "241079",
    "Html": "\r\n<p>Hi,</p>\r\n<p>When will Expr&nbsp;ToLinqExpression be fully supported to ease reuse of C# libraries which use c# Lambda Expresssions.</p>\r\n<p>In the latest release of the powerpack in &nbsp;fsharppowerpack-54799\\head\\workyard\\linq\\FSharp.PowerPack.Linq\\Linq.fs there is a comment :-</p>\r\n<p>&quot;Convert F# quotations to LINQ expression trees. &nbsp; A more polished LINQ-Quotation translator will be published &nbsp;concert with later versions of LINQ. &quot;</p>\r\n<p>Thanks,</p>\r\n<p>Paul</p>\r\n",
    "PostedDate": "2011-01-09T17:09:19.357-08:00",
    "UserRole": null,
    "MarkedAsAnswerDate": null
  }
]