[
  {
    "Id": "424263",
    "ThreadId": "207464",
    "Html": "<p>My apologies for the cross-posting -- wasn't sure whether this was a discussion or an issue:</p>\r\n<p>I have been using FSharp 1.9.6.16 to access FSLex,FSYacc, and BigInt's among other things. However, when I went to install on a new machine, I found that the PowerPack 1.9.9.9 is incompatible with FSharp 1.9.6.16. I tried installing the most recent FSharp for Visual Studio 2008 along with the PowerPack, but that combination seems to have lost functionality (BigInt's in particular).<br><br>So .. does a PowerPack installer still exist for FSharp 1.9.6.16? <br><br>I tried to download the source to recompile it, but that appears to require a newer FSharp than 1.9.6.16. Perhaps there's an older version of the source code around somewhere?<br><br>Is there any other way for me to get my code compiling again with Visual Studio 2008?</p>",
    "PostedDate": "2010-03-26T14:31:15.153-07:00",
    "UserRole": null,
    "MarkedAsAnswerDate": null
  }
]