[
  {
    "Id": "531041",
    "ThreadId": "237114",
    "Html": "\r\n<p>I found a bug when building F# ASP.NET website through the CodeDom, the bug is from ASP.NET itself.</p>\r\n<p>I must fix the bug asap before I can continue to my project, I downloaded the head version source code, and I see in AspNetUtils.aspNetPreProcessCompileUnit you have fixed a bug of the mistake null reference in the generated ASP.NET codedom, and the bug\r\n I encountered is just same in the codedom of a theme.</p>\r\n<p>I'm trying to patch the code to fix the bug, and I'm looking for how to available to debug the code, then I'd like to share the patch.</p>\r\n",
    "PostedDate": "2010-12-03T22:51:18.51-08:00",
    "UserRole": null,
    "MarkedAsAnswerDate": null
  },
  {
    "Id": "531056",
    "ThreadId": "237114",
    "Html": "\r\n<p>OK, I made it. The codedom can be debugging like a normal referenced project. And later I'll share the patch when I built it.</p>\r\n",
    "PostedDate": "2010-12-04T00:20:08.943-08:00",
    "UserRole": null,
    "MarkedAsAnswerDate": null
  }
]