[
  {
    "Id": "500679",
    "ThreadId": "229201",
    "Html": "<p>Error<span> </span>1<span> </span>The command &quot;&quot;%FS_PPBin%\\fsyacc&quot; --module Parser exited with code -532459699.<span> </span>c:\\Windows\\Microsoft.NET\\Framework\\v4.0.20506\\Microsoft.Common.targets<span> </span>910<span> </span>9<span> </span>int1</p>\r\n<p>I'm getting that error when I try to compile a program in F# and both Fsyacc.exe and Fslex.exe crash (I get the windows is trying to solve this problem windows) I had 1.9 version so I switched to 2.0 hoping it will work but I get the same error and all the paths are fine, even the paths on the registry seem to be fine.</p>\r\n<p>I'm running w7 x64 but on my other x64 computer is works just fine.</p>\r\n<p>Any ideas on how to fix this?</p>",
    "PostedDate": "2010-09-30T12:50:22.04-07:00",
    "UserRole": null,
    "MarkedAsAnswerDate": null
  },
  {
    "Id": "501386",
    "ThreadId": "229201",
    "Html": "<p><span style=\"color:#1f497d;font-size:11pt\">It sounds like a stack overflow. Do you have .NET 4.0 installed? There was a fix to tailcalls in .NET 4.0 for 64-bit OS's, which will be relevant.</span></p>\r\n<p><span style=\"color:#1f497d;font-size:11pt\">&nbsp;</span></p>\r\n<p><span style=\"color:#1f497d;font-size:11pt\">You might want to use a config file to make sure .,NET 4.0 are used to run fslex and fsyacc. You&rsquo;ll need to add an fslex.exe.config and fsyacc.exe.config sitting next to these existing binaries, containing:</span><span style=\"color:#1f497d;font-size:11pt\">&nbsp;</span></p>\r\n<p style=\"padding-left:30px\"><strong><span style=\"color:#1f497d;font-size:10pt\">&lt;?xml version =&quot;1.0&quot;?&gt;</span></strong></p>\r\n<p style=\"padding-left:30px\"><strong><span style=\"color:#1f497d;font-size:10pt\">&lt;configuration&gt;</span></strong></p>\r\n<p style=\"padding-left:30px\"><strong><span style=\"color:#1f497d;font-size:10pt\">&nbsp;&nbsp; &lt;startup&gt;</span></strong></p>\r\n<p style=\"padding-left:30px\"><strong><span style=\"color:#1f497d;font-size:10pt\">&nbsp;&nbsp;&nbsp;&nbsp;&nbsp;&nbsp; &lt;supportedRuntime version=&quot;v4.0.30319&quot; safemode=&quot;true&quot;/&gt;</span></strong></p>\r\n<p style=\"padding-left:30px\"><strong><span style=\"color:#1f497d;font-size:10pt\">&nbsp;&nbsp;&nbsp;&nbsp;&nbsp;&nbsp; &lt;requiredRuntime version=&quot;v4.0.30319&quot; safemode=&quot;true&quot;/&gt;</span></strong></p>\r\n<p style=\"padding-left:30px\"><strong><span style=\"color:#1f497d;font-size:10pt\">&nbsp;&nbsp; &lt;/startup&gt;</span></strong></p>\r\n<p style=\"padding-left:30px\"><strong><span style=\"color:#1f497d;font-size:10pt\">&lt;/configuration&gt;</span></strong></p>\r\n<p><span style=\"color:#1f497d;font-size:10pt\">&nbsp;</span></p>",
    "PostedDate": "2010-10-02T01:23:48.533-07:00",
    "UserRole": null,
    "MarkedAsAnswerDate": null
  }
]