[
  {
    "Id": "576014",
    "ThreadId": "248548",
    "Html": "\r\n<p>Such as Char.IsWhiteSpace(), Char.IsUpper() Char.IsPunctuation() etc. What is the best way to implement matching rules?</p>\r\n",
    "PostedDate": "2011-03-05T07:06:42.613-08:00",
    "UserRole": null,
    "MarkedAsAnswerDate": null
  },
  {
    "Id": "576954",
    "ThreadId": "248548",
    "Html": "<p>You can use unicode character classes, e.g. see <a href=\"http://blogs.msdn.com/b/dsyme/archive/2009/10/21/some-smaller-features-in-the-latest-release-of-f.aspx\">http://blogs.msdn.com/b/dsyme/archive/2009/10/21/some-smaller-features-in-the-latest-release-of-f.aspx</a></p>\r\n<p><span style=\"font-size: small;\"><span style=\"color: blue;\">let</span> letter = '\\Lu' | '\\Ll' | '\\Lt' | '\\Lm' | '\\Lo' | '\\Nl'</span></p>\r\n<p><span style=\"font-size: small;\"><span style=\"color: blue;\">let</span> surrogateChar = '\\Cs'</span></p>\r\n<p><span style=\"font-size: small;\"><span style=\"color: blue;\">let</span> digit = '\\Nd'</span></p>\r\n<p><span style=\"font-size: small;\"><span style=\"color: blue;\">let</span> connecting_char = '\\Pc'</span></p>\r\n<p><span style=\"font-size: small;\"><span style=\"color: blue;\">let</span> combining_char = '\\Mn' | '\\Mc'</span></p>\r\n<p><span style=\"font-size: small;\"><span style=\"color: blue;\">let</span> formatting_char = '\\Cf' </span></p>\r\n<p><span style=\"font-size: small;\">The character classes are described here (also elsewhere online - they are, I believe, standard): <a href=\"http://msdn.microsoft.com/en-us/library/20bw873z(v=vs.71).aspx\">http://msdn.microsoft.com/en-us/library/20bw873z(v=vs.71).aspx</a>, </span></p>\r\n<p><span style=\"font-size: small;\">&nbsp;</span></p>\r\n<p><span style=\"font-size: small;\">&nbsp;</span></p>",
    "PostedDate": "2011-03-07T18:45:55.027-08:00",
    "UserRole": null,
    "MarkedAsAnswerDate": null
  }
]