[
  {
    "Id": "554015",
    "ThreadId": "242952",
    "Html": "\r\n<p>When I do&nbsp;</p>\r\n<p>#r &quot;FSharp.PowerPack.Parallel.Seq.dll&quot;;;</p>\r\n<p>in fsharpi, I get</p>\r\n<p>warning FS0217: The referenced or default base CLI library 'mscorlib' is binary-incompatible with the referenced library '/usr/lib/fsharp/FSharp.PowerPack.Parallel.Seq.dll'. Consider recompiling the library or making an explicit reference to a version of\r\n this library that matches the CLI version you are using.</p>\r\n<p>The odd thing is the I can reference FSharp.PowerPack.dll just fine.</p>\r\n<p>What's going on here? &nbsp;How do I get this to work?</p>\r\n<p>I'm running on Mac OS X 10.5.8. &nbsp;I downloaded F# and the F# Powerpack from fsxplat.codeplex.com and fsharppowerpack.codeplex.com respectively. &nbsp;I originally tried this with mono version 2.6.7, and then upgraded to mono version 2.8.2.</p>\r\n",
    "PostedDate": "2011-01-23T11:42:38.417-08:00",
    "UserRole": null,
    "MarkedAsAnswerDate": null
  },
  {
    "Id": "554160",
    "ThreadId": "242952",
    "Html": "\r\n<p>I get a similar problem on Windows.&nbsp; When I go to the bin subdirectory of FSharpPowerPack-2.0.0.0 and do</p>\r\n<p>fshtml.exe FSharp.PowerPack.Parallel.Seq.dll</p>\r\n<p>I get the following error:</p>\r\n<p>Processing 'FSharp.PowerPack.Parallel.Seq.dll'...<br>\r\nUnexpected failure while writing HTML docs: Could not load file or assembly 'file:///C:\\Program Files\\FSharpPowerPack-2.0.0.0\\bin\\FSharp.PowerPack.Parallel.Seq.dll' or one of its dependencies. This assembly is built by a runtime newer than the currently loaded\r\n runtime and cannot be loaded.</p>\r\n<p>This makes no sense to me, as I just installed F# today, and I installed the newest version available (FSharp-2.0.0.0).&nbsp; Does anyone have any idea what's going on here?</p>\r\n<p>&nbsp;</p>\r\n",
    "PostedDate": "2011-01-23T21:42:54.343-08:00",
    "UserRole": null,
    "MarkedAsAnswerDate": null
  },
  {
    "Id": "554358",
    "ThreadId": "242952",
    "Html": "\r\n<p>These issues stem from the fact that FSharp.PowerPack.Parallel.Seq.dll is a .NET 4.0 component.</p>\r\n<p>On Linux/Mono, the default profile for F# is Mono's equivalent of .NET 3.5. To run F# code on .NET 4.0 I think you'll need to change some Mono settings, and possible reference the Mono 4.0 profile mscorlib.dll directly.</p>\r\n<p>On Windows, I think either</p>\r\n<ul>\r\n<li>maybe you don't have .NET 4.0 installed (check for c:\\windows\\Microsoft.NET\\Framework\\v4.0.30319),\r\n</li><li>this may be a specific problem with fshtml.exe, it is possible </li></ul>\r\n<p>Which version of Visual Studio do you have on Windows (if any?)</p>\r\n<p>thanks</p>\r\n<p>don</p>\r\n<p>&nbsp;</p>\r\n",
    "PostedDate": "2011-01-24T05:47:05.44-08:00",
    "UserRole": null,
    "MarkedAsAnswerDate": null
  },
  {
    "Id": "554801",
    "ThreadId": "242952",
    "Html": "\r\n<p>Thanks for the help.&nbsp; I'm confused as to what's going on with Mono, though.&nbsp; I'm running Mono 2.8.2, and the information I've found indicates that it's supposed to default to a .Net 4.0 profile.&nbsp; Furthermore, running</p>\r\n<p><code>fsharpi --noframework -r /Library/Frameworks/Mono.framework/Libraries/mono/4.0/mscorlib.dll</code></p>\r\n<p>immediately gives me the&nbsp; error</p>\r\n<p><code>error FS0219: The referenced or default base CLI library 'mscorlib' is binary-incompatible with the referenced F# core library '/usr/lib/fsharp/FSharp.Core.dll'. Consider recompiling the library or making an explicit reference to a version of this\r\n library that matches the CLI version you are using.</code></p>\r\n<p>whereas substituting 2.0 for 4.0 starts up fine, which seems to indicate that FSharp.Core.dll wants the 2.0 profile.&nbsp; (BTW, as far as I can tell this is the most recent CTP version of F# -- I downloaded the most recent version (November 10 Update) from\r\n fxsplat.codeplex.com, in particular, the Mac installer.&nbsp; Furthermore, when fsharpi starts up it identifies itself as F# 2.0 Interactive build 2.0.0.0 .)</p>\r\n<p>On Windows, I do in fact have .NET 4.0 installed -- c:\\windows\\Microsoft.NET\\Framework\\v4.0.30319 is there.</p>\r\n<p>I am using Visual Studio 2010 Shell.</p>\r\n<p>&nbsp;</p>\r\n",
    "PostedDate": "2011-01-24T21:20:02.28-08:00",
    "UserRole": null,
    "MarkedAsAnswerDate": null
  },
  {
    "Id": "562104",
    "ThreadId": "242952",
    "Html": "\r\n<p>It's been a few weeks since I asked this question.&nbsp; Does anyone know what's going on with this?&nbsp; Do fshtml.exe and the PowerPack libraries other than Parallel.Seq require an earlier version of .Net?</p>\r\n<p>&nbsp;</p>\r\n",
    "PostedDate": "2011-02-07T10:37:37.03-08:00",
    "UserRole": null,
    "MarkedAsAnswerDate": null
  },
  {
    "Id": "565945",
    "ThreadId": "242952",
    "Html": "<p>Hi Kevin,</p>\r\n<p>I've lost the context a little, could you list the specific problem again?&nbsp;</p>\r\n<p>&nbsp; - Is this Mono or Windows CLR?</p>\r\n<p>&nbsp; - Is this just a problem with fshtmldoc.exe? Or are you unable to use any of the libraries?</p>\r\n<p>&nbsp; - Have you tried just addingt the powerpack modules you want to use in source form to your own projects?</p>\r\n<p>thanks</p>\r\n<p>don</p>\r\n<p>&nbsp;</p>",
    "PostedDate": "2011-02-14T09:02:37.207-08:00",
    "UserRole": null,
    "MarkedAsAnswerDate": null
  }
]