[
  {
    "Id": "548079",
    "ThreadId": "241464",
    "Html": "\r\n<p>We have an application that dynamically creates F# code and thus at install need to determine programatically if the F# Powerpack is installed and possibly the version of the powerpack.&nbsp; We are not using Microsoft install technology and thus need a\r\n way consistent way to determine if the power pack is available i.e.&nbsp; Registry key,&nbsp; item in GAC, other???</p>\r\n<p>Thanks,</p>\r\n<p>&nbsp;</p>\r\n",
    "PostedDate": "2011-01-12T08:27:48.363-08:00",
    "UserRole": null,
    "MarkedAsAnswerDate": null
  },
  {
    "Id": "548175",
    "ThreadId": "241464",
    "Html": "\r\n<p>Ran process monitor to watch the registry access when the powerpack installs.&nbsp; Looks like</p>\r\n<p>HKLM\\SOFTWARE\\Microsoft\\.NETFramework\\v2.0.50727\\AssemblyFoldersEx\\FSharp.PowerPack-2.0.0.0</p>\r\n<p>might be the best choice.</p>\r\n<p>Is there a Powerpack for the .Net 4 F# runtime???</p>\r\n<p>&nbsp;</p>\r\n<div id=\"x__mcePaste\" style=\"width:1px; height:1px; overflow:hidden; top:0px; left:-10000px\">\r\n&#65279;</div>\r\n",
    "PostedDate": "2011-01-12T10:57:21.137-08:00",
    "UserRole": null,
    "MarkedAsAnswerDate": null
  },
  {
    "Id": "548177",
    "ThreadId": "241464",
    "Html": "\r\n<p>Hi Captain</p>\r\n<p>F# dlls targeting .NET 2.0 automatically load into .NET 4.0 (if the F# runtime is installed as normal, including the right policy-redirect DLL)</p>\r\n<p>Otherwise you can recompile the powerpack from source targeting .NET 4.0</p>\r\n<p>thanks</p>\r\n<p>don</p>\r\n<p>&nbsp;</p>\r\n",
    "PostedDate": "2011-01-12T11:00:26.46-08:00",
    "UserRole": null,
    "MarkedAsAnswerDate": null
  },
  {
    "Id": "548202",
    "ThreadId": "241464",
    "Html": "\r\n<p>Thank you for the suggestion.&nbsp; By rebuilding the powerpack with .Net 4 might save me much time.&nbsp;&nbsp; Our application dynamically generates F# and builds it.&nbsp; The issue we are running into are users who have&nbsp;a machine with only the .Net\r\n 4 client runtime.&nbsp;&nbsp; When the current powerpack is added to that environment,&nbsp; it cannot find the F# compiler because the powerpack is looking for a .Net 2 F# which does not exist on thier machine.&nbsp;&nbsp; Thus our next though was to install\r\n the F# redist on thier machine.&nbsp; However that won't work, because you can't install the F# redist on a .Net 4 client profile, has to be the .Net 4 full profile.&nbsp; Thus the upgrade ended up, full .Net 4 runtime upgrade, F# 2.0 runtime install and the\r\n current F# powerpack.&nbsp; YIKES!&nbsp;</p>\r\n<p>Hopefully recompiling the powerpack to .Net 4,&nbsp; we will only need to install the new recompiled powerpack runtime for the .Net 4 users.&nbsp; That would make them( am me ) much happier.</p>\r\n<p>Thank you!</p>\r\n",
    "PostedDate": "2011-01-12T11:46:40.553-08:00",
    "UserRole": null,
    "MarkedAsAnswerDate": null
  },
  {
    "Id": "595070",
    "ThreadId": "241464",
    "Html": "<p>Captain,</p>\r\n<p>How did the recompile work out for you?</p>",
    "PostedDate": "2011-04-10T21:15:11.983-07:00",
    "UserRole": null,
    "MarkedAsAnswerDate": null
  }
]