[
  {
    "Id": "651799",
    "ThreadId": "267598",
    "Html": "\r\n<p>Why is the type of PSeq.maxBy different from Seq.maxBy?&nbsp; Is this a bug?</p>\r\n<p style=\"padding-left:30px\">Seq.maxBy:&nbsp; ('a -&gt; 'b) -&gt; seq&lt;'a&gt; -&gt; 'a</p>\r\n<p style=\"padding-left:30px\">PSeq.maxBy:&nbsp; ('a -&gt; 'b) -&gt; seq&lt;'a&gt; -&gt; 'b</p>\r\n<div id=\"_mcePaste\" style=\"width:1px; height:1px; overflow:hidden; top:0px; left:-10000px\">\r\n&#65279;</div>\r\n<p>Example:</p>\r\n<pre><span style=\"color:#008080\">&gt; let people = [ (&quot;Steve&quot;, 33); (&quot;Al&quot;, 41); (&quot;Barbara&quot;, 38) ];;\r\n\r\nval people : (string * int) list =\r\n  [(&quot;Al&quot;, 33); (&quot;Barbara&quot;, 41); (&quot;Chuck&quot;, 38)]\r\n\r\n\r\n&gt; Seq.maxBy snd people;;\r\nval it : string * int = (&quot;Al&quot;, 41)\r\n\r\n&gt; PSeq.maxBy snd people;;\r\nval it : int = 41\r\n</span></pre>\r\n<p>&nbsp;&nbsp;If I want to answer the question &quot;Who is oldest?&quot;, I can write:</p>\r\n<pre><span style=\"color:#008080\">people |&gt; Seq.maxBy snd |&gt; fst;;</span></pre>\r\n<p>...but I cannot just change Seq to PSeq to parallelize it.</p>\r\n",
    "PostedDate": "2011-08-03T08:09:38.33-07:00",
    "UserRole": null,
    "MarkedAsAnswerDate": null
  }
]