[
  {
    "Id": "387303",
    "ThreadId": "179011",
    "Html": "<p>Are there any installation instructions for Mono on Linux?</p>",
    "PostedDate": "2010-02-24T23:24:33.633-08:00",
    "UserRole": null,
    "MarkedAsAnswerDate": null
  },
  {
    "Id": "400576",
    "ThreadId": "179011",
    "Html": "<p>There is not much to install - just unzip the zip.</p>",
    "PostedDate": "2010-02-25T08:45:20.617-08:00",
    "UserRole": null,
    "MarkedAsAnswerDate": null
  },
  {
    "Id": "412958",
    "ThreadId": "179011",
    "Html": "<p>(and I have actually posted a fixed zip today :))</p>\r\n<p>&nbsp;</p>",
    "PostedDate": "2010-03-01T18:11:04.073-08:00",
    "UserRole": null,
    "MarkedAsAnswerDate": null
  }
]