[
  {
    "Id": "427283",
    "ThreadId": "208309",
    "Html": "<p>This is doubtless something obvious, but downloading the Powerpack and running fshtmldoc produces this error:</p>\r\n<p>&nbsp;</p>\r\n<p>&nbsp;</p>\r\n<div id=\"_mcePaste\" style=\"left:-10000px;top:0px;width:1px;height:1px;overflow-x:hidden;overflow-y:hidden\">uccello:/tmp/FSharpPowerPack-1.9.9.9/bin clements$ mono ./fshtmldoc.exe FSharp.PowerPack.dll</div>\r\n<div id=\"_mcePaste\" style=\"left:-10000px;top:0px;width:1px;height:1px;overflow-x:hidden;overflow-y:hidden\">Processing 'FSharp.PowerPack.dll'...</div>\r\n<div id=\"_mcePaste\" style=\"left:-10000px;top:0px;width:1px;height:1px;overflow-x:hidden;overflow-y:hidden\">Unexpected failure while writing HTML docs: An exception was thrown by the type initializer for Microsoft.FSharp.Metadata.AssemblyLoader</div>\r\n<div id=\"_mcePaste\" style=\"left:-10000px;top:0px;width:1px;height:1px;overflow-x:hidden;overflow-y:hidden\">uccello:/tmp/FSharpPowerPack-1.9.9.9/bin clementsmce_markernbsp;</div>\r\n<p>\r\n<p>uccello:/tmp/FSharpPowerPack-1.9.9.9/bin clements$ mono ./fshtmldoc.exe FSharp.PowerPack.dll</p>\r\n<p>Processing 'FSharp.PowerPack.dll'...</p>\r\n<p>Unexpected failure while writing HTML docs: An exception was thrown by the type initializer for Microsoft.FSharp.Metadata.AssemblyLoader</p>\r\n<p>uccello:/tmp/FSharpPowerPack-1.9.9.9/bin clements$&nbsp;</p>\r\n<div></div>\r\n<div>This is using mono 2.6.3, F# 2.0 1.9.9.9, &amp; OS X 10.6.3 on a 32-bit intel processor.</div>\r\n<div></div>\r\n<div>Any help would be appreciated.</div>\r\n<div></div>\r\n<div>Many thanks,</div>\r\n<div></div>\r\n<div>John Clements</div>\r\n<div></div>\r\n</p>\r\n<p>&nbsp;</p>",
    "PostedDate": "2010-04-04T15:07:02.01-07:00",
    "UserRole": null,
    "MarkedAsAnswerDate": null
  }
]