[
  {
    "Id": "290752",
    "ThreadId": "85355",
    "Html": "<p>Hi,</p>\r\n<p>I am running an x64 win7 with an installation of VS2008 (with F# 1.9.9.9) and VS2010RC Ultimate. I've taken the fslex sample from workyard and copied it into my project; then ran it through fslex using powershell to get the following output:</p>\r\n<p>PS C:\\Program Files (x86)\\FSharpPowerPack-1.9.9.9\\bin&gt; .\\fslex.exe &quot;C:\\Users\\Jurgen\\Documents\\Visual Studio 2010\\Projects\\Bif2QuickGraph\\Bif2QuickGraph\\Bif2QuickGraph.fsl&quot;<br><br>Unhandled Exception: System.MissingMethodException: Method not found: 'Microsoft.FSharp.Collections.FSharpList`1&lt;!0&gt; Microsoft.FSharp.Collections.FSharpList`1.get_TailOrNull()'.<br>&nbsp;&nbsp; at &lt;StartupCode$fslex&gt;.$Arg.findMatchingArg@64(FSharpRef`1 cursor, String[] argv, FSharpFunc`2 other, String usageText, Int32 nargs, FSharpList`1 argSpecs, String arg, FSharpList`1 args)<br>&nbsp;&nbsp; at Internal.Utilities.ArgParser.ParsePartial(FSharpRef`1 cursor, String[] argv, IEnumerable`1 arguments, FSharpOption`1 otherArgs, FSharpOption`1 usageText)<br>&nbsp;&nbsp; at Internal.Utilities.ArgParser.Parse(IEnumerable`1 arguments, FSharpOption`1 otherArgs, FSharpOption`1 usageText)<br>&nbsp;&nbsp; at &lt;StartupCode$fslex&gt;.$FSharp.PowerPack.FsLex.Driver.main@()</p>\r\n<p>&nbsp;</p>\r\n<p>Any suggestions? Cheers, Jurgen</p>",
    "PostedDate": "2010-02-15T01:03:05.557-08:00",
    "UserRole": null,
    "MarkedAsAnswerDate": null
  },
  {
    "Id": "290988",
    "ThreadId": "85355",
    "Html": "\r\n\r\n<div class=Section1>\r\n\r\n<p class=MsoNormal><span lang=EN-US style=\"font-size:8.0pt;font-family:'Tahoma','sans-serif';color:#1F497D\">(try again, contributing to discussion via email)</span></p>\r\n\r\n<p class=MsoNormal><span style=\"font-size:11.0pt;font-family:'Calibri','sans-serif';color:#1F497D\"> </span></p>\r\n\r\n<p class=MsoNormal><span style=\"font-size:11.0pt;font-family:'Calibri','sans-serif';color:#1F497D\">Hi Jurgen</span></p>\r\n\r\n<p class=MsoNormal><span style=\"font-size:11.0pt;font-family:'Calibri','sans-serif';color:#1F497D\"> </span></p>\r\n\r\n<p class=MsoNormal><span style=\"font-size:11.0pt;font-family:'Calibri','sans-serif';color:#1F497D\">Does fsi.exe run correctly for you with your current F#\r\ninstallation? My guess is it does not.</span></p>\r\n\r\n<p class=MsoNormal><span style=\"font-size:11.0pt;font-family:'Calibri','sans-serif';color:#1F497D\"> </span></p>\r\n\r\n<p class=MsoNormal><span style=\"font-size:11.0pt;font-family:'Calibri','sans-serif';color:#1F497D\">This problem can occur if you did not uninstall the F# 2008 MSI\r\nbefore installing VS2010 RC.  I think you may need to uninstall both\r\nVS2010 RC and the VS2008 F# MSI RC, and then reinstall both. </span></p>\r\n\r\n<p class=MsoNormal><span style=\"font-size:11.0pt;font-family:'Calibri','sans-serif';color:#1F497D\"> </span></p>\r\n\r\n<p class=MsoNormal><span style=\"font-size:11.0pt;font-family:'Calibri','sans-serif';color:#1F497D\">If fsi.exe and fsc.exe are running correctly then there is a\r\ndifferent issue.</span></p>\r\n\r\n<p class=MsoNormal><span style=\"font-size:11.0pt;font-family:'Calibri','sans-serif';color:#1F497D\"> </span></p>\r\n\r\n<p class=MsoNormal><span style=\"font-size:11.0pt;font-family:'Calibri','sans-serif';color:#1F497D\">Thanks</span></p>\r\n\r\n<p class=MsoNormal><span style=\"font-size:11.0pt;font-family:'Calibri','sans-serif';color:#1F497D\">Don</span></p>\r\n\r\n<p class=MsoNormal><span style=\"font-size:11.0pt;font-family:'Calibri','sans-serif';color:#1F497D\"> </span></p>\r\n\r\n<p class=MsoNormal><span style=\"font-size:11.0pt;font-family:'Calibri','sans-serif';color:#1F497D\"> </span></p>\r\n\r\n<div>\r\n\r\n<div style=\"border:none;border-top:solid #B5C4DF 1.0pt;padding:3.0pt 0cm 0cm 0cm\">\r\n\r\n<p class=MsoNormal><b><span lang=EN-US style=\"font-size:10.0pt;font-family:'Tahoma','sans-serif'\">From:</span></b><span lang=EN-US style=\"font-size:10.0pt;font-family:'Tahoma','sans-serif'\"> jvangael\r\n[mailto:notifications@codeplex.com] <br>\r\n<b>Sent:</b> 15 February 2010 09:03<br>\r\n<b>To:</b> Don Syme<br>\r\n<b>Subject:</b> FsLex Crash (x64 problem?) [fsharppowerpack:85355]</span></p>\r\n\r\n</div>\r\n\r\n</div>\r\n\r\n<p class=MsoNormal> </p>\r\n\r\n<p><span style=\"font-size:9.0pt;font-family:'Verdana','sans-serif'\">From:\r\njvangael</span></p>\r\n\r\n<div style=\"margin-bottom:24.0pt\" id=ThreadNotificationPostBody>\r\n\r\n<p><span style=\"font-size:9.0pt;font-family:'Verdana','sans-serif'\">Hi,</span></p>\r\n\r\n<p><span style=\"font-size:9.0pt;font-family:'Verdana','sans-serif'\">I am\r\nrunning an x64 win7 with an installation of VS2008 (with F# 1.9.9.9) and\r\nVS2010RC Ultimate. I've taken the fslex sample from workyard and copied it into\r\nmy project; then ran it through fslex using powershell to get the following\r\noutput:</span></p>\r\n\r\n<p><span style=\"font-size:9.0pt;font-family:'Verdana','sans-serif'\">PS\r\nC:\\Program Files (x86)\\FSharpPowerPack-1.9.9.9\\bin&gt; .\\fslex.exe\r\n&quot;C:\\Users\\Jurgen\\Documents\\Visual Studio\r\n2010\\Projects\\Bif2QuickGraph\\Bif2QuickGraph\\Bif2QuickGraph.fsl&quot;<br>\r\n<br>\r\nUnhandled Exception: System.MissingMethodException: Method not found:\r\n'Microsoft.FSharp.Collections.FSharpList`1&lt;!0&gt;\r\nMicrosoft.FSharp.Collections.FSharpList`1.get_TailOrNull()'.<br>\r\n   at &lt;StartupCode$fslex&gt;.$Arg.findMatchingArg@64(FSharpRef`1\r\ncursor, String[] argv, FSharpFunc`2 other, String usageText, Int32 nargs,\r\nFSharpList`1 argSpecs, String arg, FSharpList`1 args)<br>\r\n   at Internal.Utilities.ArgParser.ParsePartial(FSharpRef`1 cursor,\r\nString[] argv, IEnumerable`1 arguments, FSharpOption`1 otherArgs, FSharpOption`1\r\nusageText)<br>\r\n   at Internal.Utilities.ArgParser.Parse(IEnumerable`1 arguments,\r\nFSharpOption`1 otherArgs, FSharpOption`1 usageText)<br>\r\n   at\r\n&lt;StartupCode$fslex&gt;.$FSharp.PowerPack.FsLex.Driver.main@()</span></p>\r\n\r\n<p><span style=\"font-size:9.0pt;font-family:'Verdana','sans-serif'\"> </span></p>\r\n\r\n<p><span style=\"font-size:9.0pt;font-family:'Verdana','sans-serif'\">Any\r\nsuggestions? Cheers, Jurgen</span></p>\r\n\r\n</div>\r\n\r\n<div style=\"border:none;border-top:solid #CCCCCC 1.0pt;padding:0cm 0cm 0cm 0cm\" id=ThreadNotificationFooter>\r\n\r\n<p><span style=\"font-size:9.0pt;font-family:'Verdana','sans-serif';color:gray\">Read\r\nthe <a href=\"http://fsharppowerpack.codeplex.com/Thread/View.aspx?ThreadId=85355&ANCHOR#Post290752\">full\r\ndiscussion online</a>.</span></p>\r\n\r\n<p><span style=\"font-size:9.0pt;font-family:'Verdana','sans-serif';color:gray\">To\r\nadd a post to this discussion, reply to this email (<a href=\"mailto:fsharppowerpack@discussions.codeplex.com?subject=[fsharppowerpack:85355]\">fsharppowerpack@discussions.codeplex.com</a>)</span></p>\r\n\r\n<p><span style=\"font-size:9.0pt;font-family:'Verdana','sans-serif';color:gray\">To\r\nstart a new discussion for this project, email <a href=\"mailto:fsharppowerpack@discussions.codeplex.com\">fsharppowerpack@discussions.codeplex.com</a></span></p>\r\n\r\n<p><span style=\"font-size:9.0pt;font-family:'Verdana','sans-serif';color:gray\">You\r\nare receiving this email because you subscribed to this discussion on CodePlex.\r\nYou can <a href=\"https://fsharppowerpack.codeplex.com/subscriptions/thread/project/edit\">unsubscribe\r\nor change your settings</a> on codePlex.com.</span></p>\r\n\r\n<p><span style=\"font-size:9.0pt;font-family:'Verdana','sans-serif';color:gray\">Please\r\nnote: Images and attachments will be removed from emails. Any posts to this\r\ndiscussion will also be available online at codeplex.com</span></p>\r\n\r\n</div>\r\n\r\n</div>\r\n\r\n",
    "PostedDate": "2010-02-15T12:54:47.64-08:00",
    "UserRole": null,
    "MarkedAsAnswerDate": null
  },
  {
    "Id": "292033",
    "ThreadId": "85355",
    "Html": "<p>Hi Don,</p>\r\n<p>fsi.exe works fine within VS 2010 but it does indeed crash in VS2008. Shall I go ahead and uninstall VS2010RC then or is there a quick unregistration of a dll from the GAC or so that I can do?</p>\r\n<p>Cheers, J</p>\r\n<p>EDIT: The crash above happens withing VS2010RC ... I'm not using VS2008 anymore.</p>",
    "PostedDate": "2010-02-18T00:46:58.407-08:00",
    "UserRole": null,
    "MarkedAsAnswerDate": null
  }
]