[
  {
    "Id": "289743",
    "ThreadId": "85013",
    "Html": "<p>I have a few custom features that I have added to FLex such as the ability to push and pop the LexBuffer State and the ability to perform custom pattern recognition using a function.&nbsp; How can I move this code into CodePlex?</p>",
    "PostedDate": "2010-02-11T09:19:59.107-08:00",
    "UserRole": null,
    "MarkedAsAnswerDate": null
  },
  {
    "Id": "290528",
    "ThreadId": "85013",
    "Html": "<p>Great!&nbsp; For feature requests and bug reports, the best bet is to create an item on the Issue Tracker, describing the feature and giving an example of what it might look like to use the feature.&nbsp; We&rsquo;ll aim to incorporate these feature requests and bug reports into the source tree on an ongoing basis.&nbsp;&nbsp;</p>",
    "PostedDate": "2010-02-13T14:02:37.43-08:00",
    "UserRole": null,
    "MarkedAsAnswerDate": null
  }
]