[
  {
    "Id": "289747",
    "ThreadId": "85015",
    "Html": "<p>Hi,</p>\r\n<p>I just installed VS2010 and the Powerpack from codeplex. I created a new project, referenced the powerpack dll and added an fsl file. Do I need to explicitly edit the project config xml to add the powerpack build target or can I do this from within VS2010?</p>\r\n<p>Cheers, Jurgen</p>",
    "PostedDate": "2010-02-11T09:30:18.25-08:00",
    "UserRole": null,
    "MarkedAsAnswerDate": null
  },
  {
    "Id": "289766",
    "ThreadId": "85015",
    "Html": "<p>You have to edit the project file explicitly. Follow the directions here</p>\r\n<p><a href=\"http://blogs.msdn.com/dsyme/archive/2009/10/21/some-smaller-features-in-the-latest-release-of-f.aspx\">http://blogs.msdn.com/dsyme/archive/2009/10/21/some-smaller-features-in-the-latest-release-of-f.aspx</a></p>\r\n<p>Also see the FsLex and FsYacc Mini Project under</p>\r\n<p>head\\src\\workyard\\tests\\LexAndYaccMiniProject.fsproj</p>\r\n<p>Please&nbsp;also add an Issue Tracker entry to add a Lex/Yacc project template to the power pack.</p>",
    "PostedDate": "2010-02-11T10:31:26.277-08:00",
    "UserRole": null,
    "MarkedAsAnswerDate": null
  }
]