[
  {
    "Id": "412513",
    "ThreadId": "203361",
    "Html": "<p>I am getting an error with the use of the String split method in the vs 2010 rc. &nbsp;Worked fine with the beta. &nbsp;</p>\r\n<p>&nbsp;</p>\r\n<p>I downloaded the lastest &nbsp;f# pp and added references to the dlls and and everything compiles fine. &nbsp;Here is the error exception</p>\r\n<p>Method not found: '!!0[] Microsoft.FSharp.Collections.ArrayModule.CompatibleOfList(Microsoft.FSharp.Collections.FSharpList`1&lt;!!0&gt;)'.</p>\r\n<p>&nbsp;</p>\r\n<p>This is the line that is causing the problem.</p>\r\n<p>&nbsp;&nbsp; &nbsp; &nbsp; &nbsp; &nbsp; &nbsp; &nbsp; &nbsp;yield! reader.ReadLine() |&gt; Microsoft.FSharp.Compatibility.OCaml.String.split ['@';' '; '.'; ':'; ';'; '?']/</p>\r\n<p>Any insight is appreciated</p>",
    "PostedDate": "2010-02-28T14:40:01.587-08:00",
    "UserRole": null,
    "MarkedAsAnswerDate": null
  },
  {
    "Id": "412939",
    "ThreadId": "203361",
    "Html": "<p>Hi -</p>\r\n<p>It's likely you are running into a setup issue related to the VS2010 RC release - some details here: <a href=\"http://cs.hubfs.net/forums/thread/13096.aspx\">http://cs.hubfs.net/forums/thread/13096.aspx</a>.&nbsp; This MissingMethodException typically indicates that an old version of FSharp.Core.dll was still installed on the machine, typically because a newer F# release was installed before removing all older F# releases.&nbsp; The PowerPack itself should not be affected by this.</p>\r\n<p>Thanks,<br>Luke</p>\r\n<p>&nbsp;</p>",
    "PostedDate": "2010-03-01T16:55:33.32-08:00",
    "UserRole": null,
    "MarkedAsAnswerDate": null
  }
]