[
  {
    "Id": "477504",
    "ThreadId": "222764",
    "Html": "<p>Don &amp; All:</p>\r\n<p>I think I've been able to effectively reproduce the FS0222 (aka. &quot;Files ... must begin with a ... module declaration ...&quot;) using the Text2HTMLLex example from Expert F#. I'm able to compile and execute the example from the command line, but VS2008 generates the FS0222 error with a visual confirmation that highlights open System in Text2HTML.fs.</p>\r\n<p>See below for my *.proj file and hope you can provide instructions on proper editing of the project file.</p>\r\n<p>Thanks in advance for your help !</p>\r\n<p>Rick</p>\r\n<p>&lt;?xml version=&quot;1.0&quot; encoding=&quot;utf-8&quot;?&gt;<br>&lt;Project ToolsVersion=&quot;4.0&quot; DefaultTargets=&quot;Build&quot; xmlns=&quot;http://schemas.microsoft.com/developer/msbuild/2003&quot;&gt;<br>&nbsp; &lt;PropertyGroup&gt;<br>&nbsp;&nbsp;&nbsp; &lt;Configuration Condition=&quot; '$(Configuration)' == '' &quot;&gt;Debug&lt;/Configuration&gt;<br>&nbsp;&nbsp;&nbsp; &lt;Platform Condition=&quot; '$(Platform)' == '' &quot;&gt;x86&lt;/Platform&gt;<br>&nbsp;&nbsp;&nbsp; &lt;ProductVersion&gt;8.0.30703&lt;/ProductVersion&gt;<br>&nbsp;&nbsp;&nbsp; &lt;SchemaVersion&gt;2.0&lt;/SchemaVersion&gt;<br>&nbsp;&nbsp;&nbsp; &lt;ProjectGuid&gt;{ca06888e-e274-4256-8e63-bf2d29674389}&lt;/ProjectGuid&gt;<br>&nbsp;&nbsp;&nbsp; &lt;OutputType&gt;Exe&lt;/OutputType&gt;<br>&nbsp;&nbsp;&nbsp; &lt;RootNamespace&gt;HTMLParser&lt;/RootNamespace&gt;<br>&nbsp;&nbsp;&nbsp; &lt;AssemblyName&gt;HTMLParser&lt;/AssemblyName&gt;<br>&nbsp;&nbsp;&nbsp; &lt;TargetFrameworkVersion&gt;v3.5&lt;/TargetFrameworkVersion&gt;<br>&nbsp;&nbsp;&nbsp; &lt;TargetFrameworkProfile&gt;<br>&nbsp;&nbsp;&nbsp; &lt;/TargetFrameworkProfile&gt;<br>&nbsp;&nbsp;&nbsp; &lt;Name&gt;LexAndYaccMiniProject&lt;/Name&gt;<br>&nbsp; &lt;/PropertyGroup&gt;<br>&nbsp; &lt;PropertyGroup Condition=&quot; '$(Configuration)|$(Platform)' == 'Debug|x86' &quot;&gt;<br>&nbsp;&nbsp;&nbsp; &lt;DebugSymbols&gt;true&lt;/DebugSymbols&gt;<br>&nbsp;&nbsp;&nbsp; &lt;DebugType&gt;full&lt;/DebugType&gt;<br>&nbsp;&nbsp;&nbsp; &lt;Optimize&gt;false&lt;/Optimize&gt;<br>&nbsp;&nbsp;&nbsp; &lt;Tailcalls&gt;false&lt;/Tailcalls&gt;<br>&nbsp;&nbsp;&nbsp; &lt;OutputPath&gt;bin\\Debug\\&lt;/OutputPath&gt;<br>&nbsp;&nbsp;&nbsp; &lt;DefineConstants&gt;DEBUG;TRACE&lt;/DefineConstants&gt;<br>&nbsp;&nbsp;&nbsp; &lt;WarningLevel&gt;4&lt;/WarningLevel&gt;<br>&nbsp;&nbsp;&nbsp; &lt;PlatformTarget&gt;x86&lt;/PlatformTarget&gt;<br>&nbsp;&nbsp;&nbsp; &lt;DocumentationFile&gt;<br>&nbsp;&nbsp;&nbsp; &lt;/DocumentationFile&gt;<br>&nbsp; &lt;/PropertyGroup&gt;<br>&nbsp; &lt;PropertyGroup Condition=&quot; '$(Configuration)|$(Platform)' == 'Release|x86' &quot;&gt;<br>&nbsp;&nbsp;&nbsp; &lt;DebugType&gt;pdbonly&lt;/DebugType&gt;<br>&nbsp;&nbsp;&nbsp; &lt;Optimize&gt;true&lt;/Optimize&gt;<br>&nbsp;&nbsp;&nbsp; &lt;Tailcalls&gt;true&lt;/Tailcalls&gt;<br>&nbsp;&nbsp;&nbsp; &lt;OutputPath&gt;bin\\Release\\&lt;/OutputPath&gt;<br>&nbsp;&nbsp;&nbsp; &lt;DefineConstants&gt;TRACE&lt;/DefineConstants&gt;<br>&nbsp;&nbsp;&nbsp; &lt;WarningLevel&gt;3&lt;/WarningLevel&gt;<br>&nbsp;&nbsp;&nbsp; &lt;PlatformTarget&gt;x86&lt;/PlatformTarget&gt;<br>&nbsp;&nbsp;&nbsp; &lt;DocumentationFile&gt;bin\\Release\\LexAndYaccMiniProject.XML&lt;/DocumentationFile&gt;<br>&nbsp; &lt;/PropertyGroup&gt;<br>&nbsp; &lt;Import Project=&quot;$(MSBuildExtensionsPath32)\\FSharp\\1.0\\Microsoft.FSharp.Targets&quot; Condition=&quot;!Exists('$(MSBuildBinPath)\\Microsoft.Build.Tasks.v4.0.dll')&quot; /&gt;<br>&nbsp; &lt;Import Project=&quot;$(MSBuildExtensionsPath32)\\..\\Microsoft F#\\v4.0\\Microsoft.FSharp.Targets&quot; Condition=&quot; Exists('$(MSBuildBinPath)\\Microsoft.Build.Tasks.v4.0.dll')&quot; /&gt;<br>&nbsp; &lt;Import Project=&quot;$(MSBuildExtensionsPath)\\FSharp\\1.0\\FSharp.PowerPack.Targets&quot; /&gt;<br>&nbsp; &lt;ItemGroup&gt;<br>&nbsp;&nbsp;&nbsp; &lt;FsLex Include=&quot;Text2HTMLLex.fsl&quot;&gt;<br>&nbsp;&nbsp;&nbsp;&nbsp;&nbsp; &lt;OtherFlags&gt;--unicode&lt;/OtherFlags&gt;<br>&nbsp;&nbsp;&nbsp; &lt;/FsLex&gt;<br>&nbsp;&nbsp;&nbsp; &lt;Compile Include=&quot;Text2HTML.fs&quot; /&gt;<br>&nbsp;&nbsp;&nbsp; &lt;Compile Include=&quot;Text2HTMLLex.fs&quot; /&gt;<br>&nbsp; &lt;/ItemGroup&gt;<br>&nbsp; &lt;ItemGroup&gt;<br>&nbsp;&nbsp;&nbsp; &lt;Reference Include=&quot;FSharp.PowerPack, Version=2.0.0.0, Culture=neutral, PublicKeyToken=a19089b1c74d0809&quot; /&gt;<br>&nbsp;&nbsp;&nbsp; &lt;Reference Include=&quot;mscorlib&quot; /&gt;<br>&nbsp;&nbsp;&nbsp; &lt;Reference Include=&quot;FSharp.Core&quot; /&gt;<br>&nbsp;&nbsp;&nbsp; &lt;Reference Include=&quot;System&quot; /&gt;<br>&nbsp;&nbsp;&nbsp; &lt;Reference Include=&quot;System.Core&quot; /&gt;<br>&nbsp; &lt;/ItemGroup&gt;<br>&nbsp; &lt;!-- To modify your build process, add your task inside one of the targets below and uncomment it.<br>&nbsp;&nbsp;&nbsp;&nbsp;&nbsp;&nbsp;&nbsp;&nbsp; Other similar extension points exist, see Microsoft.Common.targets.<br>&nbsp;&nbsp;&nbsp; &lt;Target Name=&quot;BeforeBuild&quot;&gt;<br>&nbsp;&nbsp;&nbsp; &lt;/Target&gt;<br>&nbsp;&nbsp;&nbsp; &lt;Target Name=&quot;AfterBuild&quot;&gt;<br>&nbsp;&nbsp;&nbsp; &lt;/Target&gt;<br>&nbsp;&nbsp;&nbsp; --&gt;<br>&nbsp; &lt;PropertyGroup&gt;<br>&nbsp;&nbsp;&nbsp; &lt;PreBuildEvent&gt;<br>&nbsp;&nbsp;&nbsp; &lt;/PreBuildEvent&gt;<br>&nbsp; &lt;/PropertyGroup&gt;<br>&nbsp; &lt;PropertyGroup&gt;<br>&nbsp;&nbsp;&nbsp; &lt;PreBuildEvent&gt;fslex &quot;$(ProjectDir)Text2HTMLLex.fsl&lt;/PreBuildEvent&gt;<br>&nbsp; &lt;/PropertyGroup&gt;<br>&lt;/Project&gt;</p>\r\n<p>&nbsp;</p>\r\n<p>&nbsp;</p>",
    "PostedDate": "2010-08-06T13:33:06.983-07:00",
    "UserRole": null,
    "MarkedAsAnswerDate": null
  },
  {
    "Id": "479949",
    "ThreadId": "222764",
    "Html": "<p>Queue the crickets chirping .....</p>",
    "PostedDate": "2010-08-12T17:09:45.84-07:00",
    "UserRole": null,
    "MarkedAsAnswerDate": null
  },
  {
    "Id": "483074",
    "ThreadId": "222764",
    "Html": "<p>Crickets, take two ...</p>",
    "PostedDate": "2010-08-21T07:08:44.327-07:00",
    "UserRole": null,
    "MarkedAsAnswerDate": null
  },
  {
    "Id": "484068",
    "ThreadId": "222764",
    "Html": "<p>Hi Rick</p>\r\n<p>You need to add a &quot;module FsLex&quot; declaration to the FsLex input&nbsp;file, see at the end of</p>\r\n<p><a href=\"http://cs.hubfs.net/forums/thread/16418.aspx\">http://cs.hubfs.net/forums/thread/16418.aspx</a></p>\r\n<p>thanks</p>\r\n<p>don</p>\r\n<p>&nbsp;</p>",
    "PostedDate": "2010-08-24T05:00:53.14-07:00",
    "UserRole": null,
    "MarkedAsAnswerDate": null
  }
]