[
  {
    "Id": "415196",
    "ThreadId": "204111",
    "Html": "<p>Hi to everyall.</p>\r\n<p>With F# Power Pack is it possible to&nbsp;define a set of Unit of Measure like the following:</p>\r\n<ul>\r\n<li>Pressure:&nbsp;MPa = 1.E+06 Pa = 1.E+06 N / m&sup2;&nbsp;</li>\r\n<li>Pressure: bar = 0.1 MPa = 1.0 daN / cm&sup2; = 100000. Pa</li>\r\n</ul>\r\n<p><span style=\"white-space:pre\"> </span><strong><span style=\"text-decoration:underline\">NOTE</span></strong>: not yet&nbsp;I suppose, but for the future releases perhaps is it possible to hope for?</p>\r\n<p>Sincerely,</p>\r\n<p>Anfossi G.L.</p>\r\n<p>&nbsp;</p>",
    "PostedDate": "2010-03-07T11:30:14.943-08:00",
    "UserRole": null,
    "MarkedAsAnswerDate": null
  }
]