[
  {
    "Id": "534449",
    "ThreadId": "238025",
    "Html": "\r\n<p>Hello,</p>\r\n<p>In the README.txt file for the compiler source, there is the following section.</p>\r\n<hr>\r\n<h3>Steps - NGEN the Proto Compiler for faster future startup (optional)</h3>\r\n<pre>ngen install ..\\Proto\\cli\\2.0\\bin\\fsi.exe<br></pre>\r\n<hr>\r\n<p>This file does not actually exist (at this point). I believe the file we want to NGEN here is\r\n<em>fsc-proto.exe</em>.</p>\r\n<p>I believe the same little mistake is also present in some of the <em>Some alternative Steps</em> sections. (Not in the validation section, I believe it's correct there.)</p>\r\n",
    "PostedDate": "2010-12-11T13:04:43.883-08:00",
    "UserRole": null,
    "MarkedAsAnswerDate": null
  }
]