[
  {
    "Id": "636130",
    "ThreadId": "263599",
    "Html": "\r\n<p>Hello,</p>\r\n<p>I'm having problems with doing queries on top of db4o's IQueryable API...</p>\r\n<p>&nbsp;</p>\r\n<div style=\"color:black; background-color:white\">\r\n<pre><span style=\"color:blue\">let</span> <span style=\"color:blue\">get</span>&lt;<span style=\"color:#a31515\">'T when '</span>T :&gt; IStorable&gt; filter =\r\n    query &lt;@ seq {\r\n        use db = openDB()\r\n        <span style=\"color:blue\">yield</span>! db.AsQueryable&lt;'T&gt;()\r\n                |&gt; Seq.filter filter\r\n                |&gt; Seq.filter (fun o -&gt; o.HistoricId.EffectiveDate &lt;= DateTime.Now)\r\n                |&gt; Seq.groupBy (fun o -&gt; o.HistoricId.Id)\r\n                |&gt; Seq.map (fun (_, seq) -&gt; seq.OrderByDescending(fun t -&gt; t.HistoricId.EffectiveDate).First())\r\n                |&gt; Seq.map (fun o -&gt; <span style=\"color:blue\">if</span> o.HistoricId.IsActive then Some o <span style=\"color:blue\">else</span> None)\r\n    } @&gt;\r\n\r\n<span style=\"color:blue\">let</span> getAll&lt;<span style=\"color:#a31515\">'T when '</span>T :&gt; IStorable&gt; _ = <span style=\"color:blue\">get</span>&lt;'T&gt;(fun _ -&gt; <span style=\"color:blue\">true</span>)\r\n</pre>\r\n</div>\r\n<p>&nbsp;</p>\r\n<p>When executing getAll&lt;Client&gt;();; above I get the following stacktrace:</p>\r\n<p></p>\r\n<div style=\"color:black; background-color:white\">\r\n<pre>Binding session to <span style=\"color:#a31515\">'C:\\Bib\\Projects\\dll\\Db4objects.Db4o.Linq.dll'</span>...\r\nSystem.InvalidCastException: [A]CombTerm cannot be cast to [B]CombTerm. Type A originates <span style=\"color:blue\">from</span> <span style=\"color:#a31515\">'FSharp.Core, Version=4.0.0.0, Culture=neutral, PublicKeyToken=b03f5f7f11d50a3a'</span> <span style=\"color:blue\">in</span> the context <span style=\"color:#a31515\">'Default'</span> at location <span style=\"color:#a31515\">'C:\\WINDOWS\\Microsoft.Net\\assembly\\GAC_MSIL\\FSharp.Core\\v4.0_4.0.0.0__b03f5f7f11d50a3a\\FSharp.Core.dll'</span>. Type B originates <span style=\"color:blue\">from</span> <span style=\"color:#a31515\">'FSharp.Core, Version=2.0.0.0, Culture=neutral, PublicKeyToken=b03f5f7f11d50a3a'</span> <span style=\"color:blue\">in</span> the context <span style=\"color:#a31515\">'Default'</span> at location <span style=\"color:#a31515\">'C:\\WINDOWS\\assembly\\GAC_MSIL\\FSharp.Core\\2.0.0.0__b03f5f7f11d50a3a\\FSharp.Core.dll'</span>.\r\n   at Microsoft.FSharp.Quotations.PatternsModule.CallPattern(FSharpExpr input)\r\n   at Microsoft.FSharp.Quotations.DerivedPatternsModule.SpecificCallPattern@1713-1.Invoke(FSharpExpr tm)\r\n   at Microsoft.FSharp.Linq.QueryModule.|SpecificPipedCall0|_|@61.Invoke(FSharpExpr _arg1)\r\n   at Microsoft.FSharp.Linq.QueryModule.EvalOuterWithPostProcess@643(FSharpExpr tm)\r\n   at Microsoft.FSharp.Linq.QueryModule.query[T](FSharpExpr`1 p)\r\n   at FSI_0002.Database.getAll[T](Object _arg2) <span style=\"color:blue\">in</span> C:\\Bib\\Projects\\Lib\\Database.fs:line 39\r\n   at &lt;StartupCode$FSI_0005&gt;.$FSI_0005.main@()\r\nStopped due to error\r\n</pre>\r\n</div>\r\n<p></p>\r\n<p>I would assume this is unrelated to db4o but I don't think I'll figure this one out.</p>\r\n<p>Thanks!</p>\r\n<p>David</p>\r\n",
    "PostedDate": "2011-07-01T11:03:08.157-07:00",
    "UserRole": null,
    "MarkedAsAnswerDate": null
  },
  {
    "Id": "636139",
    "ThreadId": "263599",
    "Html": "<p>I guess the following is a simpler example, I get roughly the same error:</p>\r\n<p>\r\n<div style=\"color: black; background-color: white;\">\r\n<pre><span style=\"color: blue;\">let</span> d = &lt;@ fun _ -&gt; <span style=\"color: blue;\">true</span> @&gt; |&gt; QuotationEvaluator.ToLinqExpression\r\n</pre>\r\n</div>\r\n<div style=\"color: black; background-color: white;\">\r\n<pre>System.InvalidCastException: [A]LambdaTerm cannot be cast to [B]LambdaTerm. Type A originates <span style=\"color: blue;\">from</span> <span style=\"color: #a31515;\">'FSharp.Core, Version=4.0.0.0, Culture=neutral, PublicKeyToken=b03f5f7f11d50a3a'</span> <span style=\"color: blue;\">in</span> the context <span style=\"color: #a31515;\">'Default'</span> at location <span style=\"color: #a31515;\">'C:\\WINDOWS\\Microsoft.Net\\assembly\\GAC_MSIL\\FSharp.Core\\v4.0_4.0.0.0__b03f5f7f11d50a3a\\FSharp.Core.dll'</span>. Type B originates <span style=\"color: blue;\">from</span> <span style=\"color: #a31515;\">'FSharp.Core, Version=2.0.0.0, Culture=neutral, PublicKeyToken=b03f5f7f11d50a3a'</span> <span style=\"color: blue;\">in</span> the context <span style=\"color: #a31515;\">'Default'</span> at location <span style=\"color: #a31515;\">'C:\\WINDOWS\\assembly\\GAC_MSIL\\FSharp.Core\\2.0.0.0__b03f5f7f11d50a3a\\FSharp.Core.dll'</span>.\r\n   at Microsoft.FSharp.Quotations.PatternsModule.LambdaPattern(FSharpExpr input)\r\n   at Microsoft.FSharp.Linq.QuotationEvaluation.ConvExpr(ConvEnv env, FSharpExpr inp)\r\n   at Microsoft.FSharp.Linq.QuotationEvaluation.Expr.ToLinqExpression(FSharpExpr )\r\n   at &lt;StartupCode$FSI_0003&gt;.$FSI_0003.main@() <span style=\"color: blue;\">in</span> C:\\Bib\\Projects\\Lib\\Database.fs:line 28\r\n</pre>\r\n</div>\r\n</p>",
    "PostedDate": "2011-07-01T11:13:05.737-07:00",
    "UserRole": null,
    "MarkedAsAnswerDate": null
  },
  {
    "Id": "636145",
    "ThreadId": "263599",
    "Html": "<p>I guess I fixed that problem by rebuilding against CLR4.</p>",
    "PostedDate": "2011-07-01T11:28:14.557-07:00",
    "UserRole": null,
    "MarkedAsAnswerDate": null
  }
]