[
  {
    "Id": "534456",
    "ThreadId": "238027",
    "Html": "\r\n<p>I am following the given steps in the README to build the compiler for the .NET 4.0 target.</p>\r\n<p>Firstly, building fsharp-proto-build.proj succeeds (though it does not generate the appropriate cli/4.0 directory along side the 2.0 one - rather in the individual directories).</p>\r\n<p>I then run the following:</p>\r\n<pre>msbuild fsharp-library-build.proj /p:TargetFramework=cli\\4.0<br><br></pre>\r\n<p>which gives the following errors:</p>\r\n<p></p>\r\n<hr>\r\n<p></p>\r\n<p>Build FAILED.<br>\r\n<br>\r\n&quot;C:\\Users\\Alex\\fsharp\\svn\\compiler\\2.0\\Nov2010\\src\\fsharp-library-build.proj&quot; (<br>\r\ndefault target) (1) -&gt;<br>\r\n&quot;C:\\Users\\Alex\\fsharp\\svn\\compiler\\2.0\\Nov2010\\src\\fsharp\\FSharp.Core\\FSharp.Co<br>\r\nre.fsproj&quot; (Build target) (2) -&gt;<br>\r\n(CoreCompile target) -&gt;<br>\r\n&nbsp; FSC : error FS2014: A problem occurred writing the binary 'obj\\Debug\\cli\\4.0\\<br>\r\nFSharp.Core.dll': Error in pass3 for type System.Tuple, error: uniqueEntryOfCod<br>\r\ne: no entries to code [C:\\Users\\Alex\\fsharp\\svn\\compiler\\2.0\\Nov2010\\src\\fsharp<br>\r\n\\FSharp.Core\\FSharp.Core.fsproj]<br>\r\n<br>\r\n&nbsp;&nbsp;&nbsp; 0 Warning(s)<br>\r\n&nbsp;&nbsp;&nbsp; 1 Error(s)</p>\r\n<p></p>\r\n<hr>\r\n<p></p>\r\n<p>&nbsp;</p>\r\n<p>I am compiling using the VS 2010 Command Prompt. Any idea what is going wrong here?</p>\r\n",
    "PostedDate": "2010-12-11T13:30:35.203-08:00",
    "UserRole": null,
    "MarkedAsAnswerDate": null
  }
]