[
  {
    "Id": "535841",
    "ThreadId": "238389",
    "Html": "\r\n<p>I'm using MatrixModule via C# 4.0.</p>\r\n<p>After installing VS2010 SP1 Beta, I found my unit tests were failing with EntryPointNotFoundException. The reason is the &quot;MatrixModule.initSparse&quot; method throws it when accessing the IEnumerable&lt;'a&gt; parameter. Oddly this doesn't occur when the IEnumerable&lt;'a&gt;\r\n is a System.Array.</p>\r\n<p>Here is a failing case:</p>\r\n<div style=\"color:black; background-color:white\">\r\n<pre>Matrix&lt;Double&gt; transform;\r\n<span style=\"color:blue\">var</span> entries = <span style=\"color:blue\">new</span> [] { Tuple.Create(0, 0, 2.0) }.ToList();\r\n\r\n<span style=\"color:blue\">if</span> (entries == <span style=\"color:blue\">null</span>)\r\n{\r\n\t<span style=\"color:blue\">throw</span> <span style=\"color:blue\">new</span> ArgumentNullException(<span style=\"color:#a31515\">&quot;entries&quot;</span>);\r\n}\r\n\r\ntransform = MatrixModule.initSparse(entries.Count, entries.Count, entries);\r\n</pre>\r\n</div>\r\n<p>If &quot;.ToList()&quot; is removed, the exception is not thrown.</p>\r\n<p>To work around this, I recompiled the F# Power Pack for .Net v4.0, and no exception is thrown. I can't figure out why this exception is thrown...</p>\r\n<div id=\"x__mcePaste\" style=\"width:1px; height:1px; overflow:hidden; top:0px; left:-10000px\">\r\n&#65279;</div>\r\n",
    "PostedDate": "2010-12-14T15:35:11.71-08:00",
    "UserRole": null,
    "MarkedAsAnswerDate": null
  },
  {
    "Id": "535959",
    "ThreadId": "238389",
    "Html": "\r\n<p>Hi codekaizen,</p>\r\n<p>Yes, this is a known bug in VS2010 SP1 Beta. The good news is that&nbsp;we (at Microsoft)&nbsp;already fixed and will be included in the final version of SP1.</p>\r\n<p>In the meanwhile, you can try the following workaround on your machine (the usual attention should be put into doing this, so you don't end up in a bad state on your machine):</p>\r\n<p>Locate the following config file in your GAC - it would look like this:</p>\r\n<p>&nbsp; C:\\Windows\\Microsoft.NET\\assembly\\GAC_MSIL\\policy.2.0.FSharp.Core\\v4.0_2.0.0.0__b03f5f7f11d50a3a\\<span style=\"color:#ff0000\">pub.config</span></p>\r\n<p>Its content, after installing SP1 Beta, looks like this:</p>\r\n<div style=\"color:black; background-color:white\">\r\n<pre><span style=\"color:blue\">&lt;</span><span style=\"color:#a31515\">configuration</span><span style=\"color:blue\">&gt;</span>\r\n   <span style=\"color:blue\">&lt;</span><span style=\"color:#a31515\">runtime</span><span style=\"color:blue\">&gt;</span>\r\n      <span style=\"color:blue\">&lt;</span><span style=\"color:#a31515\">assemblyBinding</span> <span style=\"color:red\">xmlns</span><span style=\"color:blue\">=</span><span style=\"color:black\">&quot;</span><span style=\"color:blue\">urn:schemas-microsoft-com:asm.v1</span><span style=\"color:black\">&quot;</span> <span style=\"color:red\">appliesTo</span><span style=\"color:blue\">=</span><span style=\"color:black\">&quot;</span><span style=\"color:blue\">v4.0.31118</span><span style=\"color:black\">&quot;</span><span style=\"color:blue\">&gt;</span>\r\n       <span style=\"color:blue\">&lt;</span><span style=\"color:#a31515\">dependentAssembly</span><span style=\"color:blue\">&gt;</span>\r\n         <span style=\"color:blue\">&lt;</span><span style=\"color:#a31515\">assemblyIdentity</span> <span style=\"color:red\">name</span><span style=\"color:blue\">=</span><span style=\"color:black\">&quot;</span><span style=\"color:blue\">FSharp.Core</span><span style=\"color:black\">&quot;</span>\r\n                           <span style=\"color:red\">publicKeyToken</span><span style=\"color:blue\">=</span><span style=\"color:black\">&quot;</span><span style=\"color:blue\">a19089b1c74d0809</span><span style=\"color:black\">&quot;</span>\r\n                           <span style=\"color:red\">culture</span><span style=\"color:blue\">=</span><span style=\"color:black\">&quot;</span><span style=\"color:blue\">neutral</span><span style=\"color:black\">&quot;</span> <span style=\"color:blue\">/&gt;</span>\r\n         <span style=\"color:green\">&lt;!-- Redirecting CTP assemblies to version 4.0.0.0 of the assembly. --&gt;</span>\r\n         <span style=\"color:blue\">&lt;</span><span style=\"color:#a31515\">bindingRedirect</span> <span style=\"color:red\">oldVersion</span><span style=\"color:blue\">=</span><span style=\"color:black\">&quot;</span><span style=\"color:blue\">1.9.7.0-1.9.9.9</span><span style=\"color:black\">&quot;</span>\r\n                          <span style=\"color:red\">newVersion</span><span style=\"color:blue\">=</span><span style=\"color:black\">&quot;</span><span style=\"color:blue\">4.0.0.0</span><span style=\"color:black\">&quot;</span><span style=\"color:blue\">/&gt;</span>\r\n       <span style=\"color:blue\">&lt;/</span><span style=\"color:#a31515\">dependentAssembly</span><span style=\"color:blue\">&gt;</span>\r\n       <span style=\"color:blue\">&lt;</span><span style=\"color:#a31515\">dependentAssembly</span><span style=\"color:blue\">&gt;</span>\r\n         <span style=\"color:blue\">&lt;</span><span style=\"color:#a31515\">assemblyIdentity</span> <span style=\"color:red\">name</span><span style=\"color:blue\">=</span><span style=\"color:black\">&quot;</span><span style=\"color:blue\">FSharp.Core</span><span style=\"color:black\">&quot;</span>\r\n                           <span style=\"color:red\">publicKeyToken</span><span style=\"color:blue\">=</span><span style=\"color:black\">&quot;</span><span style=\"color:blue\">b03f5f7f11d50a3a</span><span style=\"color:black\">&quot;</span>\r\n                           <span style=\"color:red\">culture</span><span style=\"color:blue\">=</span><span style=\"color:black\">&quot;</span><span style=\"color:blue\">neutral</span><span style=\"color:black\">&quot;</span> <span style=\"color:blue\">/&gt;</span>\r\n         <span style=\"color:green\">&lt;!-- Redirecting to version 4.0.0.0 of the assembly. --&gt;</span>\r\n         <span style=\"color:blue\">&lt;</span><span style=\"color:#a31515\">bindingRedirect</span> <span style=\"color:red\">oldVersion</span><span style=\"color:blue\">=</span><span style=\"color:black\">&quot;</span><span style=\"color:blue\">2.0.0.0</span><span style=\"color:black\">&quot;</span>\r\n                          <span style=\"color:red\">newVersion</span><span style=\"color:blue\">=</span><span style=\"color:black\">&quot;</span><span style=\"color:blue\">4.0.0.0</span><span style=\"color:black\">&quot;</span><span style=\"color:blue\">/&gt;</span>\r\n       <span style=\"color:blue\">&lt;/</span><span style=\"color:#a31515\">dependentAssembly</span><span style=\"color:blue\">&gt;</span>\r\n      <span style=\"color:blue\">&lt;/</span><span style=\"color:#a31515\">assemblyBinding</span><span style=\"color:blue\">&gt;</span>\r\n   <span style=\"color:blue\">&lt;/</span><span style=\"color:#a31515\">runtime</span><span style=\"color:blue\">&gt;</span>\r\n<span style=\"color:blue\">&lt;/</span><span style=\"color:#a31515\">configuration</span><span style=\"color:blue\">&gt;</span>\r\n</pre>\r\n</div>\r\n<p>Open up the file in notepad and replace</p>\r\n<div style=\"color:black; background-color:white\">\r\n<pre><span style=\"color:blue\">&lt;</span><span style=\"color:#a31515\">assemblyBinding</span> <span style=\"color:red\">xmlns</span><span style=\"color:blue\">=</span><span style=\"color:black\">&quot;</span><span style=\"color:blue\">urn:schemas-microsoft-com:asm.v1</span><span style=\"color:black\">&quot;</span> <span style=\"color:red\">appliesTo</span><span style=\"color:blue\">=</span><span style=\"color:black\">&quot;</span><span style=\"color:blue\">v4.0.31118</span><span style=\"color:black\">&quot;</span><span style=\"color:blue\">&gt;</span>\r\n</pre>\r\nwith\r\n<div style=\"color:black; background-color:white\">\r\n<pre><span style=\"color:blue\">&lt;</span><span style=\"color:#a31515\">assemblyBinding</span> <span style=\"color:red\">xmlns</span><span style=\"color:blue\">=</span><span style=\"color:black\">&quot;</span><span style=\"color:blue\">urn:schemas-microsoft-com:asm.v1</span><span style=\"color:black\">&quot;</span> <span style=\"color:red\">appliesTo</span><span style=\"color:blue\">=</span><span style=\"color:black\">&quot;</span><span style=\"color:blue\">v4.0.30319</span><span style=\"color:black\">&quot;</span><span style=\"color:blue\">&gt;</span>\r\n</pre>\r\n</div>\r\n</div>\r\n<p>Save the file.</p>\r\n<p>Your application should work just fine.</p>\r\n<p>Thanks,<br>\r\n-Matteo</p>\r\n",
    "PostedDate": "2010-12-14T23:45:34.387-08:00",
    "UserRole": null,
    "MarkedAsAnswerDate": null
  }
]