[
  {
    "Id": "362542",
    "ThreadId": "155314",
    "Html": "<p>Hi,</p>\r\n<p>Is there any way to persuade fshtmldoc to look for the&nbsp;.xml file in another place as in the dll's directory?</p>\r\n<p>thanks,</p>\r\n<p>Kurt</p>",
    "PostedDate": "2010-02-22T01:41:15.85-08:00",
    "UserRole": null,
    "MarkedAsAnswerDate": null
  },
  {
    "Id": "363075",
    "ThreadId": "155314",
    "Html": "<p>Never mind, just had a look at the code - it's not possible.</p>\r\n<p>So, any way to persuade you to relax that requirement a bit and also have it look for xml files in the given output directory using --outdir? Should be a straightforward change.</p>\r\n<p>thanks,</p>\r\n<p>Kurt</p>",
    "PostedDate": "2010-02-23T01:42:08.033-08:00",
    "UserRole": null,
    "MarkedAsAnswerDate": null
  },
  {
    "Id": "412940",
    "ThreadId": "155314",
    "Html": "<p>A good suggestion - I've added an item in the Issue Tracker section for this. #4051.</p>\r\n<p>Luke</p>",
    "PostedDate": "2010-03-01T16:59:58.057-08:00",
    "UserRole": null,
    "MarkedAsAnswerDate": null
  },
  {
    "Id": "431650",
    "ThreadId": "155314",
    "Html": "<p>Hi Kurt,</p>\r\n<p>I am looking at http://fsharppowerpack.codeplex.com/WorkItem/View.aspx?WorkItemId=4051, and I am thinking of the various ways to allow xml file to be in the different place from the dll.</p>\r\n<p>Here are the ideas I have:</p>\r\n<p>a. Specify a search directory for xml files. fshtmldo will look next to dll and, failing that, in the search directory</p>\r\n<p>b. Allow specifying both dlls and xmls on command line and match them up by name (&quot;fshtmldoc A.dll z\\B.xml B.dll q\\A.xml C.dll&quot;)</p>\r\n<p>What is the scenario we are trying to address here? How did you end up with xmls being in your outdir? Any other suggestions for how the command line might look like?</p>\r\n<p>Thanks much,</p>\r\n<p>Dmitry</p>",
    "PostedDate": "2010-04-15T14:13:32.693-07:00",
    "UserRole": null,
    "MarkedAsAnswerDate": null
  }
]