[
  {
    "Id": "451816",
    "ThreadId": "215012",
    "Html": "<p>In namespace RSLispV3.RunTime:&nbsp;<a rel=nofollow href=\"http://pastebin.com/XNb9qi11\">http://pastebin.com/XNb9qi11</a></p>\r\n<p>LispParser.fsy:&nbsp;<a rel=nofollow href=\"http://pastebin.com/pymF1Vvm\">http://pastebin.com/pymF1Vvm</a></p>\r\n<p>LispLexer.fsl:&nbsp;<a rel=nofollow href=\"http://pastebin.com/pfXdDuxs\">http://pastebin.com/pfXdDuxs</a></p>\r\n<p>I got in MSBuild the PowerPacks targets, calling them from the .fsprog.</p>\r\n<p>When building with VS2008 I get error: &quot;fslex.exe&quot; exited with code 1.</p>\r\n<p>Help?</p>\r\n<p>Solved: my mistake, no ^ operator. Line 11 for future visitors.</p>",
    "PostedDate": "2010-06-04T11:12:11.947-07:00",
    "UserRole": null,
    "MarkedAsAnswerDate": null
  }
]