[
  {
    "Id": "631686",
    "ThreadId": "262459",
    "Html": "\r\n<p>I use the Powerpack matrix class. It is defining an operator * like <br>\r\n<br>\r\n/// Multiply each element of a matrix by the given scalar value <br>\r\nstatic member ( * ) : Matrix * 'T -&gt; Matrix <br>\r\n<br>\r\nHowever, I cannot use it in a generic function: <br>\r\n<br>\r\n// this works, I can use '*' if type is fixed, like int <br>\r\nlet mm = Matrix.Generic.ofSeq [[ 1; 2; 3];[ 4; 5; 6];[ 7; 8; 9]] <br>\r\nlet mmm = mm * 2 <br>\r\n<br>\r\n// Error 1 Type constraint mismatch when applying the default type 'Matrix' for a type inference variable.\r\n<br>\r\n// The resulting type would be infinite when unifying ''T' and 'Matrix' Consider adding further type constraints\r\n<br>\r\nlet f2 (a:Matrix) (z:'T) = a*z <br>\r\n<br>\r\nI do not understand the error message of the compiler. What does it mean and how do I fix it?\r\n<br>\r\n<br>\r\n</p>\r\n",
    "PostedDate": "2011-06-23T01:27:59.637-07:00",
    "UserRole": null,
    "MarkedAsAnswerDate": null
  }
]