[
  {
    "Id": "703473",
    "ThreadId": "280857",
    "Html": "<p>I'm using F# CodeDom in a .Net 4 C# app which is XCopy-installed to a network share for permission reasons.<br /> <br /> I want to put all the F# support files in a sub-directory of the main application directory, so I created an app.config with a 'probing private' path, and also a re-direct for FSharp.Core.dll version 2 -&gt; 4.<br /> <br /> However, it still seems necesary to have fsc.exe and the FSharp.Core.* files in the application directory. The other fsc.exe support files can be put in the sub-directory, though, if a fsc.exe.config is used, in the same way as the app.config.<br /> <br /> I imagine the FSharp.Core.* files are needed in the application directory for use by fsc.exe, or the final CodeDom-compiled F#.<br /> <br /> I tried adding '--standalone' as a parameter in the call to the CodeDom compiler, but this did not remove the need for the FSharp.Core.* files in the application directory.</p>\n<p>The CodeDom part of the app is implemented in an F# dll project within the C# 4 application.</p>\n<p>Any way to have all the F# support files in the application sub-directory?</p>",
    "PostedDate": "2011-11-25T11:55:56.883-08:00",
    "UserRole": null,
    "MarkedAsAnswerDate": null
  }
]