[
  {
    "Id": "534451",
    "ThreadId": "238026",
    "Html": "\r\n<p>I'm building the bootstrapped compiler using the following commands, as given:</p>\r\n<pre>msbuild fsharp-compiler-build.proj /p:TargetFramework=cli\\2.0</pre>\r\n<p>Build succeeds, but I get the following warning messages:</p>\r\n<p></p>\r\n<hr>\r\n<p></p>\r\n<p>Build succeeded.<br>\r\n<br>\r\n&quot;C:\\Users\\Alex\\fsharp\\svn\\compiler\\2.0\\Nov2010\\src\\fsharp-compiler-build.proj&quot;<br>\r\n(default target) (1) -&gt;<br>\r\n&quot;C:\\Users\\Alex\\fsharp\\svn\\compiler\\2.0\\Nov2010\\src\\fsharp\\FSharp.Build\\FSharp.B<br>\r\nuild.fsproj&quot; (Build target) (2) -&gt;<br>\r\n(CoreCompile target) -&gt;<br>\r\n&nbsp; C:\\Users\\Alex\\fsharp\\svn\\compiler\\2.0\\Nov2010\\src\\fsharp\\FSharp.Build\\Fsc.fs(<br>\r\n269,14): warning FS0864: This new member hides the abstract member 'ToolTask.ge<br>\r\nt_ToolExe() : string'. Rename the member or use 'override' instead. [C:\\Users\\A<br>\r\nlex\\fsharp\\svn\\compiler\\2.0\\Nov2010\\src\\fsharp\\FSharp.Build\\FSharp.Build.fsproj<br>\r\n]<br>\r\n&nbsp; C:\\Users\\Alex\\fsharp\\svn\\compiler\\2.0\\Nov2010\\src\\fsharp\\FSharp.Build\\Fsc.fs(<br>\r\n270,13): warning FS0864: This new member hides the abstract member 'ToolTask.se<br>\r\nt_ToolExe(value: string) : unit'. Rename the member or use 'override' instead.<br>\r\n[C:\\Users\\Alex\\fsharp\\svn\\compiler\\2.0\\Nov2010\\src\\fsharp\\FSharp.Build\\FSharp.B<br>\r\nuild.fsproj]<br>\r\n<br>\r\n&nbsp;&nbsp;&nbsp; 2 Warning(s)<br>\r\n&nbsp;&nbsp;&nbsp; 0 Error(s)</p>\r\n<p></p>\r\n<hr>\r\n<p></p>\r\n<p>Are these to be expected, or do I need to do something else to avoid them?</p>\r\n",
    "PostedDate": "2010-12-11T13:10:13.773-08:00",
    "UserRole": null,
    "MarkedAsAnswerDate": null
  }
]