[
  {
    "Id": "426824",
    "ThreadId": "208159",
    "Html": "<p>Hi!</p>\r\n<p>Can anyone post a comment on how to make it (Powerpack 1.9.9.9) work in VS 2010 RC???</p>\r\n<p>THNX</p>\r\n<p>&nbsp;</p>",
    "PostedDate": "2010-04-02T07:35:53.697-07:00",
    "UserRole": null,
    "MarkedAsAnswerDate": null
  },
  {
    "Id": "426862",
    "ThreadId": "208159",
    "Html": "<p>What problem are you running into?&nbsp; The PowerPack release should work with the VS2010 RC.&nbsp; If you install the PowerPack MSI, then you should be able to add references to the PowerPack assemblies to your F# projects in the &quot;Add Reference...&quot; dialog or to your F# scripts using &quot;#r&quot;.</p>\r\n<p>Thanks,<br>Luke</p>",
    "PostedDate": "2010-04-02T09:26:17.52-07:00",
    "UserRole": null,
    "MarkedAsAnswerDate": null
  },
  {
    "Id": "426881",
    "ThreadId": "208159",
    "Html": "<p>True. I have no problem with referencing libraries.</p>\r\n<p>But then i cannot compile my project. It comes with error: &quot;<em>...Powerpack.dll should be recompilled to use with this version of F#</em>&quot;.</p>\r\n<p>1) I tried different target frameworks 4.0, 3.5, 3.0;</p>\r\n<p>2) Tried to unistall all&nbsp;previous&nbsp;versions of F# and Powerpack</p>\r\n<p>2) Tried to reinstall VS and Powerpack.</p>\r\n<p>All&nbsp;unsuccessful.</p>\r\n<p>&nbsp;</p>\r\n<p>Does it work with F# v2.0 or 4.0 (which are part of VS&nbsp;installation)? Or i need to install the newer F# CTP?</p>\r\n<p>&nbsp;</p>\r\n<p>There is some discussion about this topic. But it doesn't really help.</p>\r\n<p>So it would be great, if U could give some guide of how to correctly install it and use with VS 2010.</p>\r\n<p>&nbsp;</p>\r\n<p>THNX for reply!!!</p>\r\n<p>Denis</p>\r\n<p>&nbsp;</p>",
    "PostedDate": "2010-04-02T10:28:33.277-07:00",
    "UserRole": null,
    "MarkedAsAnswerDate": null
  },
  {
    "Id": "426897",
    "ThreadId": "208159",
    "Html": "<p>Denis -</p>\r\n<p>If you are getting an error that &quot;Powerpack.dll should be recompilied to use with this version of F#&quot; then it sounds like you have an older version of F#, from before the RC.&nbsp; You will need to make sure that you fully uninstalled older F# releases from your machine before installing the RC.&nbsp;</p>\r\n<p>The CodePlex PowerPack releases will work with the F#1.9.9.9 and VS2010RC and all future releases of F#.&nbsp;</p>\r\n<p>Thanks,<br>Luke</p>",
    "PostedDate": "2010-04-02T11:35:10.087-07:00",
    "UserRole": null,
    "MarkedAsAnswerDate": null
  },
  {
    "Id": "426898",
    "ThreadId": "208159",
    "Html": "<p>OK. I'll try.</p>\r\n<p>Thanks</p>",
    "PostedDate": "2010-04-02T11:51:48.137-07:00",
    "UserRole": null,
    "MarkedAsAnswerDate": null
  },
  {
    "Id": "437120",
    "ThreadId": "208159",
    "Html": "<p>I'm currently using the VS 2010 Beta 2 and get the same error.&nbsp; I still have 61 days on the demo, but perhaps I should move up to the RC.&nbsp; Or can I use a different version of Power Pack?</p>",
    "PostedDate": "2010-04-29T07:59:20.25-07:00",
    "UserRole": null,
    "MarkedAsAnswerDate": null
  },
  {
    "Id": "444898",
    "ThreadId": "208159",
    "Html": "<p>I have the same problem (F# 2010&nbsp;&nbsp; 01019-315-4422943-70211). I've tried to recompile downloaded sources but it caused errors like the next one - &quot;FS0571: Unexpected identifier: 'unmanaged'&quot;.</p>",
    "PostedDate": "2010-05-19T07:27:25.24-07:00",
    "UserRole": null,
    "MarkedAsAnswerDate": null
  },
  {
    "Id": "444983",
    "ThreadId": "208159",
    "Html": "<p>Yes, Beta 2 will not compile PowerPack. You should move to RTM.</p>\r\n<p>Thanks,</p>\r\n<p>Dmitry</p>",
    "PostedDate": "2010-05-19T09:28:30.923-07:00",
    "UserRole": null,
    "MarkedAsAnswerDate": null
  }
]