[
  {
    "Id": "516579",
    "ThreadId": "233359",
    "Html": "\r\n<p>Hello,</p>\r\n<p>I'm not sure how to enhance error reporting when using fsyacc (i.e. &quot;token x expected at line 1, col 2&quot;, etc).</p>\r\n<p>I can see a &quot;parse error&quot; message but a little more context would be helpful. Can anyone point me in the right direction?</p>\r\n<p>&nbsp;</p>\r\n<p>Thanks in advance,</p>\r\n<p>Rob</p>\r\n",
    "PostedDate": "2010-11-03T10:50:14.587-07:00",
    "UserRole": null,
    "MarkedAsAnswerDate": null
  }
]