[
  {
    "Id": "85013",
    "Title": "Contributing to PowerPack",
    "LatestDate": "2010-02-13T14:02:37.43-08:00"
  },
  {
    "Id": "85015",
    "Title": "How to automatically compile fslex & fsyacc",
    "LatestDate": "2010-02-11T10:31:26.277-08:00"
  },
  {
    "Id": "85355",
    "Title": "FsLex Crash (x64 problem?)",
    "LatestDate": "2010-02-18T00:46:58.407-08:00"
  },
  {
    "Id": "155314",
    "Title": "fshtmldoc",
    "LatestDate": "2010-04-15T14:13:32.693-07:00"
  },
  {
    "Id": "179011",
    "Title": "Installation on Mono/Linux",
    "LatestDate": "2010-03-01T18:11:04.073-08:00"
  },
  {
    "Id": "203361",
    "Title": "split string",
    "LatestDate": "2010-03-01T16:55:33.32-08:00"
  },
  {
    "Id": "204111",
    "Title": "Units of Measure",
    "LatestDate": "2010-03-07T11:30:14.943-08:00"
  },
  {
    "Id": "204384",
    "Title": "FsYacc incompability with parsing library",
    "LatestDate": "2010-03-09T23:16:31.68-08:00"
  },
  {
    "Id": "207464",
    "Title": "FSharp 1.9.6.16 incompatibility",
    "LatestDate": "2010-03-26T14:31:15.153-07:00"
  },
  {
    "Id": "208159",
    "Title": "VS 2010 RC and Powerpack 1.9.9.9",
    "LatestDate": "2010-05-19T09:28:30.923-07:00"
  },
  {
    "Id": "208309",
    "Title": "fshtmldoc.exe using Mono/OS X",
    "LatestDate": "2010-04-04T15:07:02.01-07:00"
  },
  {
    "Id": "209423",
    "Title": "Parallel Matrix / Vector",
    "LatestDate": "2010-04-22T15:35:01.32-07:00"
  },
  {
    "Id": "209656",
    "Title": "fslex + Mono requirements?",
    "LatestDate": "2010-04-17T08:20:31.49-07:00"
  },
  {
    "Id": "212988",
    "Title": "Silverlight",
    "LatestDate": "2010-05-18T01:32:51.59-07:00"
  },
  {
    "Id": "213793",
    "Title": "Adding the PowerPack to F# Console App",
    "LatestDate": "2010-05-25T10:08:30.11-07:00"
  },
  {
    "Id": "213987",
    "Title": "Norton AntiVirus reports installer for PowerPack has \"Insight Network Threat\" (WS.Reputation.1)",
    "LatestDate": "2010-05-26T14:44:01.617-07:00"
  },
  {
    "Id": "215012",
    "Title": "F# 2.0 with Powerpack 2.0, fslex error 1",
    "LatestDate": "2010-06-04T11:12:11.947-07:00"
  },
  {
    "Id": "215031",
    "Title": "Fshtmldoc",
    "LatestDate": "2010-08-10T09:13:06.777-07:00"
  },
  {
    "Id": "215041",
    "Title": "Crazy errors with FsLex and FsYacc",
    "LatestDate": "2010-06-14T15:44:13.72-07:00"
  },
  {
    "Id": "216298",
    "Title": "PowerPack and .NET versions",
    "LatestDate": "2010-06-20T01:26:41.083-07:00"
  },
  {
    "Id": "217253",
    "Title": "Missing Matrix inversion in  2.0.0.0",
    "LatestDate": "2010-06-24T14:36:54.18-07:00"
  },
  {
    "Id": "222764",
    "Title": "FS0222 When Reproducing Text2HTMLLex in VS2008",
    "LatestDate": "2010-08-24T05:00:53.14-07:00"
  },
  {
    "Id": "229201",
    "Title": "Fsyacc and Fslex crash",
    "LatestDate": "2010-10-02T01:23:48.533-07:00"
  },
  {
    "Id": "233359",
    "Title": "fsyacc Error Reporting",
    "LatestDate": "2010-11-03T10:50:14.587-07:00"
  },
  {
    "Id": "233743",
    "Title": "Using FSharpPowerPack on Mac OS X",
    "LatestDate": "2010-12-10T15:17:55.8-08:00"
  },
  {
    "Id": "233816",
    "Title": "Requests refactoring tools like rename etc.",
    "LatestDate": "2010-11-07T16:52:08.19-08:00"
  },
  {
    "Id": "237114",
    "Title": "How do I debug the CodeDom?",
    "LatestDate": "2010-12-04T00:20:08.943-08:00"
  },
  {
    "Id": "237962",
    "Title": "Misleading description",
    "LatestDate": "2010-12-11T12:56:33.323-08:00"
  },
  {
    "Id": "238025",
    "Title": "Wrong path in README.html",
    "LatestDate": "2010-12-11T13:04:43.883-08:00"
  },
  {
    "Id": "238026",
    "Title": "Warnings building bootstrapped compiler",
    "LatestDate": "2010-12-11T13:10:13.773-08:00"
  },
  {
    "Id": "238027",
    "Title": "Cannot build compiler for .NET 4.0",
    "LatestDate": "2010-12-11T13:30:35.203-08:00"
  },
  {
    "Id": "238389",
    "Title": "EntryPointNotFoundException using MatrixModule with VS2010 SP1 Beta",
    "LatestDate": "2010-12-14T23:45:34.387-08:00"
  },
  {
    "Id": "238588",
    "Title": "CodeDom limitations?",
    "LatestDate": "2010-12-21T21:46:46.857-08:00"
  },
  {
    "Id": "240049",
    "Title": "(SOLVED) PSeq: What does the comment \"not installed into the GAC mean\"?",
    "LatestDate": "2010-12-31T02:48:27.35-08:00"
  },
  {
    "Id": "241079",
    "Title": "Full Support for Expr ToLinqExpression ETA",
    "LatestDate": "2011-01-09T17:09:19.357-08:00"
  },
  {
    "Id": "241464",
    "Title": "Is PowerPack installed?",
    "LatestDate": "2011-04-10T21:15:11.983-07:00"
  },
  {
    "Id": "242952",
    "Title": "Problem with FSharp.PowerPack.Parallel.Seq",
    "LatestDate": "2011-02-14T09:02:37.207-08:00"
  },
  {
    "Id": "246763",
    "Title": "How to deploy for Mono 2.10?",
    "LatestDate": "2011-02-19T14:18:04.903-08:00"
  },
  {
    "Id": "248013",
    "Title": "The namespace or module Matrix is not defined.",
    "LatestDate": "2011-03-01T09:01:13.783-08:00"
  },
  {
    "Id": "248548",
    "Title": "fslex - matching unicode character groups.",
    "LatestDate": "2011-03-07T18:45:55.027-08:00"
  },
  {
    "Id": "262459",
    "Title": "Operator '*' with Type constraint mismatch ",
    "LatestDate": "2011-06-23T01:27:59.637-07:00"
  },
  {
    "Id": "263599",
    "Title": "query to db4o",
    "LatestDate": "2011-07-01T11:28:14.557-07:00"
  },
  {
    "Id": "267598",
    "Title": "PSeq.maxBy differs from Seq.maxBy?",
    "LatestDate": "2011-08-03T08:09:38.33-07:00"
  },
  {
    "Id": "272791",
    "Title": "F# CodeDom Compiler : 'The system cannot find the file specified'",
    "LatestDate": "2012-04-30T12:09:46.847-07:00"
  },
  {
    "Id": "277131",
    "Title": "Beta?",
    "LatestDate": "2011-10-25T07:13:02.07-07:00"
  },
  {
    "Id": "280857",
    "Title": "Clean XCopy install of F#, F# Power Pack and F# CodeDom?",
    "LatestDate": "2011-11-25T11:55:56.883-08:00"
  }
]