[
  {
    "Id": "536642",
    "ThreadId": "238588",
    "Html": "\r\n<p>I posted my question first at <a href=\"http://stackoverflow.com/questions/4452092/f-and-svcutil-error-there-was-an-error-trying-to-generate-code-in-the-specified\">\r\nhttp://stackoverflow.com/questions/4452092/f-and-svcutil-error-there-was-an-error-trying-to-generate-code-in-the-specified</a>&nbsp;but then realized this is a better place to ask for assistence because the CodeDom implementation is in the F# PowerPack.</p>\r\n<p>Running: svcutil /language:&quot;Microsoft.FSharp.Compiler.CodeDom.FSharpCodeProvider, FSharp.Compiler.CodeDom, Version=2.0.0.0, Culture=neutral, PublicKeyToken=a19089b1c74d0809&quot;\r\n<a rel=\"nofollow\" href=\"http://localhost/webservices/CoreService.svc?wsdl\">http://localhost/webservices/CoreService.svc?wsdl</a></p>\r\n<p>Error: There was an error trying to generate code in the specified language. This could be because the language does not support all the code elements being generated. Consider using another language.<br>\r\n<span style=\"color:#ff0000\">CodeMethodMember must not have both ImplementationTypes\r\n<span>and</span><span> PrivateImplementationType set</span><span>.</span></span><span>&nbsp;</span></p>\r\n<p><span>Is there a chance of fixing this? Or should I&nbsp;use a C# DLL as a proxy for the CoreService?<br>\r\n</span></p>\r\n<p>&nbsp;</p>\r\n<p>&nbsp;</p>\r\n<p></p>\r\n",
    "PostedDate": "2010-12-16T02:11:53.217-08:00",
    "UserRole": null,
    "MarkedAsAnswerDate": null
  },
  {
    "Id": "539145",
    "ThreadId": "238588",
    "Html": "\r\n<p>The reply on stackoverflow is here:</p>\r\n<p><a href=\"http://stackoverflow.com/questions/4452092/f-and-svcutil-error-there-was-an-error-trying-to-generate-code-in-the-specified\">http://stackoverflow.com/questions/4452092/f-and-svcutil-error-there-was-an-error-trying-to-generate-code-in-the-specified</a></p>\r\n<p><em>I doubt that the F# CodeDom is rich enough for svcutil (though I don't know much about the F# CodeDom). You might generate C# code, compile it into a DLL and reference that DLL from your F# application.</em></p>\r\n",
    "PostedDate": "2010-12-21T21:46:46.857-08:00",
    "UserRole": null,
    "MarkedAsAnswerDate": null
  }
]