[
  {
    "Id": "672581",
    "ThreadId": "272791",
    "Html": "\r\n<p>Solution: needed to install 'Standalone compiler and tools' as well as F# PowerPack on user's PC.</p>\r\n<p>I had the above error after installing an app that uses F# CodeDom, on a user's PC.</p>\r\n<p>The error was actually thrown by System.Diagnostics.Process.Start(), when trying to launch the F# compiler.</p>\r\n<p>The solution was to install the standalone compiler and tools which are linked here:</p>\r\n<p>MSDN: 'Get the F# Compiler and tools'</p>\r\n<p>http://msdn.microsoft.com/en-us/fsharp/cc835251</p>\r\n",
    "PostedDate": "2011-09-16T01:04:31.89-07:00",
    "UserRole": null,
    "MarkedAsAnswerDate": null
  },
  {
    "Id": "830293",
    "ThreadId": "272791",
    "Html": "<p>I have a project in which I need to compile F# code during runtime and I got exactly the same issue when I installed the assemblies in the server. In the server I have of course the runtime libraries and the FSharp.Compiler.CodeDom.dll. Now, installing the standalone compiler really solves the issue (though I don't think this should be the way), but my concern is that the standalone compiler comes within a CTP release&nbsp;http://www.microsoft.com/en-us/download/details.aspx?id=11100, is there any link where I can find the final release of f# 2.0 compiler?</p>",
    "PostedDate": "2012-04-30T10:29:34.197-07:00",
    "UserRole": null,
    "MarkedAsAnswerDate": null
  },
  {
    "Id": "830330",
    "ThreadId": "272791",
    "Html": "<p>You will need the full version of .NET on the server, rather than the 'Client Profile' version, but I guess you already have this.</p>\r\n<p>Next, you could look at which files are included in the standalone compiler, by looking in the fsharp.zip file at the url you gave.</p>\r\n<p>You could try copying these files to your application directory, from the main fsharp 'Program Files\\Microsoft F#' directory on another PC. You may need to apply a .NET version redirect in a .config file to match versions between 2 and 4 - look for exception messages when you try to run your code with everything in place.</p>\r\n<p>I imagine the end result will be all the files from 'FSharpPowerPack-2.0.0.0\\bin' and 'Microsoft F#\\v4.0' locally copied to your application directory, plus a version redirect to fix-up problems because the PowerPack expects version 2.</p>\r\n<p>Give it a go - all at your own risk, of course.</p>",
    "PostedDate": "2012-04-30T12:09:46.847-07:00",
    "UserRole": null,
    "MarkedAsAnswerDate": null
  }
]