[
  {
    "Id": "416144",
    "ThreadId": "204384",
    "Html": "<p>&nbsp;</p>\r\n<div id=\"_mcePaste\" style=\"left:-10000px;top:0px;width:1px;height:1px;overflow-x:hidden;overflow-y:hidden\">FSYacc generated code is incompatible with the corresponding library.</div>\r\n<div id=\"_mcePaste\" style=\"left:-10000px;top:0px;width:1px;height:1px;overflow-x:hidden;overflow-y:hidden\">First - it thinks that Microsoft.FSharp.Text.Parsing.ParseHelpers is module but it's a class</div>\r\n<div id=\"_mcePaste\" style=\"left:-10000px;top:0px;width:1px;height:1px;overflow-x:hidden;overflow-y:hidden\">Second and more important - fsyacc thinks that Microsoft.FSharp.Text.Parsing.Tables&lt;_&gt; is a record but it's a class. Thus constructing with braces is impossible.</div>\r\n<div id=\"_mcePaste\" style=\"left:-10000px;top:0px;width:1px;height:1px;overflow-x:hidden;overflow-y:hidden\">VS10 RC with PowerPack 1.9.9.9</div>\r\n<p>\r\n<p>Hi, I think that FsYacc generated code is incompatible with the corresponding library.</p>\r\n<p>First - it thinks that Microsoft.FSharp.Text.Parsing.ParseHelpers is module but it's a class</p>\r\n<p>Second and more important - fsyacc thinks that Microsoft.FSharp.Text.Parsing.Tables&lt;_&gt; is a record but it's a class. Thus constructing with braces is impossible.</p>\r\n<p>Am I alone with such problem?</p>\r\n<p>thx, Alexander.</p>\r\n<p>P.S. I use&nbsp;VS10 RC with PowerPack 1.9.9.9</p>\r\n<p>P.P.S.&nbsp;sorry for my English.</p>\r\n</p>\r\n<p>&nbsp;</p>",
    "PostedDate": "2010-03-09T15:09:19.113-08:00",
    "UserRole": null,
    "MarkedAsAnswerDate": null
  },
  {
    "Id": "416223",
    "ThreadId": "204384",
    "Html": "<p>Hi Alexander,</p>\r\n<p>I'm not sure where you're seeing that &quot;ParseHelpers&quot; is a class - it is really a module. The definition in Parsing.fsi says</p>\r\n<p><span style=\"color:#0000ff;font-size:small\"><span style=\"color:#0000ff;font-size:small\">&lt;font size=&quot;3&quot; color=&quot;#0000ff&quot;&gt;&lt;font size=&quot;3&quot; color=&quot;#0000ff&quot;&gt;\r\n<p>module</p>\r\n&lt;/font&gt;&lt;/font&gt;</span>&lt;font size=&quot;3&quot; color=&quot;#0000ff&quot;&gt;\r\n<p>&nbsp;</p>\r\n&lt;/font&gt;</span>\r\n<p><span style=\"font-size:small\">ParseHelpers = </span></p>\r\n</p>\r\n<p>likewise for Tables - it is indeed a record.&nbsp; It's possible you need to reference a different version of the power pack, though the one you mention is indeed the right version. Could you check to make sure you don't have any other versions of the power pack referenced?</p>\r\n<p>thanks</p>\r\n<p>don</p>\r\n<p>&nbsp;</p>",
    "PostedDate": "2010-03-09T22:40:21.233-08:00",
    "UserRole": null,
    "MarkedAsAnswerDate": null
  },
  {
    "Id": "416230",
    "ThreadId": "204384",
    "Html": "<p>Yes, the problem was with using an older version.</p>\r\n<p>Thanks for helping and sorry for disturbing.</p>",
    "PostedDate": "2010-03-09T23:16:31.68-08:00",
    "UserRole": null,
    "MarkedAsAnswerDate": null
  }
]