[
  {
    "Id": "518184",
    "ThreadId": "233743",
    "Html": "\r\n<p>I'm having difficulty getting FSharp PowerPack 2.0.0.0 to work on Mac OS X.</p>\r\n<p>All is well with my Mono 2.8 and FSharp 2.0.0.0 installation after meticulously following the instructions\r\n<a href=\"http://phosphor-escence.blogspot.com/2010/10/install-f-on-mac-os-x.html\">\r\nhere</a>.</p>\r\n<p>However, when I download the zip file it unpacks but the folder structure is not preserved. Instead, each file appears as a long-file-name file, e.g.,</p>\r\n<p>FSharpPowerPack-2.0.0.0\\bin\\fslex.exe</p>\r\n<p>Notice the '\\' (backslashes). To the OS, this appears as a file but trying to execute it fails because of the backslash. What should have happened is fxlex.exe should have unpacked into the FSharpPowerPack-2.0.0.0 -&gt; bin directory structure.</p>\r\n<p>Obviously this is a problem with the unarchiver but I was wondering if anyone dealt with this already and can save me some time figuring it out.</p>\r\n<p>Thanks in advance!</p>\r\n<p>- Bob</p>\r\n",
    "PostedDate": "2010-11-06T10:13:17.557-07:00",
    "UserRole": null,
    "MarkedAsAnswerDate": null
  },
  {
    "Id": "534186",
    "ThreadId": "233743",
    "Html": "\r\n<p>I have the same problem on linux. It is regression of bug <a href=\"http://fsharppowerpack.codeplex.com/workitem/4006\">\r\n[workitem:4006]</a>.</p>\r\n<p>As workaround you can use old version (Feb 2010) or run this bash script to fix extracted files:</p>\r\n<p>&nbsp;</p>\r\n<div style=\"color:black; background-color:white\">\r\n<pre>    <span style=\"color:blue\">for</span> i <span style=\"color:blue\">in</span> <span style=\"color:gray\">*</span>; <span style=\"color:blue\">do</span>\r\n        f<span style=\"color:gray\">=</span>`echo <span style=\"color:orangered\">$i</span> | tr <span style=\"color:#a31515\">'\\\\\\\\' '</span><span style=\"color:gray\">/</span>'`;\r\n        mkdir <span style=\"color:gray\">-</span>p `dirname <span style=\"color:orangered\">$f</span>`;\r\n        mv <span style=\"color:#a31515\">&quot;$i&quot;</span> <span style=\"color:#a31515\">&quot;$f&quot;</span>;\r\n    done\r\n</pre>\r\n</div>\r\n<p>&nbsp;</p>\r\n",
    "PostedDate": "2010-12-10T15:17:55.8-08:00",
    "UserRole": null,
    "MarkedAsAnswerDate": null
  }
]