[
  {
    "Id": "573901",
    "ThreadId": "248013",
    "Html": "\r\n<p>I'm really new to F#, so sorry for asking such an elementary question:</p>\r\n<p>I have this snippet of code at the top of an Fsx file with PowerPack.dll 2.0.0.0 listed in my project references:</p>\r\n<p>open Microsoft.FSharp.Math<br>\r\n<br>\r\n// Flattens a 2D array into a sequence<br>\r\nlet array2D_to_seq arr =<br>\r\n&nbsp;&nbsp; seq {for i in 0..Array2D.length1 arr - 1 do<br>\r\n&nbsp;&nbsp;&nbsp;&nbsp;&nbsp;&nbsp;&nbsp;&nbsp;&nbsp;&nbsp;&nbsp; for j in 0..Array2D.length2 arr - 1 do yield arr.[i,j]}<br>\r\n<br>\r\n// Find maximum value in a matrix<br>\r\nlet max_value_in_matrix m =<br>\r\n&nbsp;&nbsp;&nbsp; m<br>\r\n&nbsp;&nbsp;&nbsp; |&gt; Matrix.Generic.toArray2D<br>\r\n&nbsp;&nbsp;&nbsp; |&gt; array2D_to_seq<br>\r\n&nbsp;&nbsp;&nbsp; |&gt; PSeq.max</p>\r\n<p>Both Matrix and PSeq have red squiggly lines underneath them saying &quot;The namespace or module 'Matrix' is not defined.&quot;&nbsp; I must be missing something obvious, but for the life of me cannot see it.</p>\r\n<p>Thanks in advance,</p>\r\n<p>Bob</p>\r\n",
    "PostedDate": "2011-03-01T08:36:37.64-08:00",
    "UserRole": null,
    "MarkedAsAnswerDate": null
  },
  {
    "Id": "573918",
    "ThreadId": "248013",
    "Html": "<p>It utrns out I needed to add these two lines to the top of my script file:</p>\r\n<p>#r \"FSharp.PowerPack.dll\"<br />#r \"FSharp.PowerPack.Parallel.Seq.dll\"</p>\r\n<p>Bob</p>",
    "PostedDate": "2011-03-01T09:01:13.783-08:00",
    "UserRole": null,
    "MarkedAsAnswerDate": null
  }
]