[
  {
    "Id": "447203",
    "ThreadId": "213793",
    "Html": "<p>I am using VS 2010 Premium</p>\r\n<p>&nbsp;</p>\r\n<p>I have successfully used the PowerPack in F# Interactive, specifically with String.split</p>\r\n<p>I am confused to adding the reference to the PowerPack for an F# Console App. &nbsp;</p>\r\n<p>I added FSharp.PowerPack.dll under References and added this to the beginning of my code to no avail</p>\r\n<pre><span>#if </span>INTERACTIVE\r\n<span>#r &quot;FSharp.PowerPack.dll&quot;;;\r\n#r &quot;FSharp.PowerPack.Compatibility.dll&quot;;;\r\n</span><span>#endif</span></pre>\r\n<pre><br></pre>\r\n<pre><span>&nbsp;</span>I've read you can add the #r lines to an fsx file, but not sure how to do that.</pre>\r\n<p>What is the proper way to add a reference to an F# Console App?</p>\r\n<p><br>Thanks!</p>",
    "PostedDate": "2010-05-25T10:08:30.11-07:00",
    "UserRole": null,
    "MarkedAsAnswerDate": null
  }
]