[
  {
    "Id": "451900",
    "ThreadId": "215031",
    "Html": "<p>I'm curious about fshtmldoc, but&nbsp;I've not managed to find any useful info about how it works. And&nbsp;I can't get it to work.&nbsp;</p>\r\n<p>This is what happens when I try to run it:</p>\r\n<p>-----------------------------------</p>\r\n<p>c:\\Program Files (x86)\\FSharpPowerPack-2.0.0.0\\bin&gt;fshtmldoc.exe &quot;C:\\Projects\\Wing Beats 1.0\\bin\\Release\\WingBeats.Xhtml.dll&quot;</p>\r\n<p>Processing 'C:\\Projects\\Wing Beats 1.0\\bin\\Release\\WingBeats.Xhtml.dll'...Unexpected failure while writing HTML docs: Could not load file or assembly 'file:///C:\\Projects\\Wing Beats 1.0\\bin\\Release\\WingBeats.Xhtml.dll' or one of its dependencies. This assembly is built by a runtime newer than the currently loaded&nbsp;runtime and cannot be loaded.</p>\r\n<p>---------------------------------------</p>\r\n<p>I added&nbsp;fshtmldoc.exe.config to the same folder as fshtmldoc.exe with the following content:</p>\r\n<p>\r\n<div style=\"color:black;background-color:white\">\r\n<pre><span style=\"color:blue\">&lt;</span><span style=\"color:#a31515\">configuration</span><span style=\"color:blue\">&gt;</span>\r\n  <span style=\"color:blue\">&lt;</span><span style=\"color:#a31515\">startup</span><span style=\"color:blue\">&gt;</span>\r\n    <span style=\"color:green\">&lt;!--&lt;requiredRuntime version=&quot;v4.0.20506&quot; safemode=&quot;true&quot;/&gt;--&gt;</span>\r\n    <span style=\"color:blue\">&lt;</span><span style=\"color:#a31515\">requiredRuntime</span> <span style=\"color:red\">version</span><span style=\"color:blue\">=</span><span style=\"color:black\">&quot;</span><span style=\"color:blue\">v4.0</span><span style=\"color:black\">&quot;</span> <span style=\"color:red\">safemode</span><span style=\"color:blue\">=</span><span style=\"color:black\">&quot;</span><span style=\"color:blue\">true</span><span style=\"color:black\">&quot;</span><span style=\"color:blue\">/&gt;</span>\r\n  <span style=\"color:blue\">&lt;/</span><span style=\"color:#a31515\">startup</span><span style=\"color:blue\">&gt;</span>\r\n<span style=\"color:blue\">&lt;/</span><span style=\"color:#a31515\">configuration</span><span style=\"color:blue\">&gt;</span>\r\n</pre>\r\n</div>\r\n</p>\r\n<p>Then this happens:</p>\r\n<p>---------------------------------</p>\r\n<p>c:\\Program Files (x86)\\FSharpPowerPack-2.0.0.0\\bin&gt;fshtmldoc.exe &quot;C:\\Projects\\Wing Beats 1.0\\bin\\Release\\WingBeats.dll&quot;Processing 'C:\\Projects\\Wing Beats 1.0\\bin\\Release\\WingBeats.dll'...Unexpected failure while writing HTML docs: Object reference not set to an instance of an object.</p>\r\n<p>------------------------------------------</p>\r\n<p>I'm running Windows 7 Ultimate 64-bit and the .dll is compiled in Visual Studio 2010 RTM.</p>\r\n<p>Any ideas? If I'm doing something wrong, is there a tutorial, or something?</p>\r\n<p>&nbsp;</p>\r\n<p>&nbsp;</p>",
    "PostedDate": "2010-06-04T15:36:23.877-07:00",
    "UserRole": null,
    "MarkedAsAnswerDate": null
  },
  {
    "Id": "455422",
    "ThreadId": "215031",
    "Html": "<p>Hi,</p>\r\n<p>sorry for the late reply.</p>\r\n<p>I cannot reproduce this with the latest binaries. It looks a lot like:</p>\r\n<p>http://stackoverflow.com/questions/2921880/f-powerpacks-metadata-doesnt-recognize-fsharp-core-as-an-f-library/</p>\r\n<p>We have had an issue with version numbers not being updated in some places; could you re-download and reinstall the power pack and try it again?</p>\r\n<p>Thanks a lot,</p>\r\n<p>Dmitry</p>",
    "PostedDate": "2010-06-14T15:37:17.413-07:00",
    "UserRole": null,
    "MarkedAsAnswerDate": null
  },
  {
    "Id": "478641",
    "ThreadId": "215031",
    "Html": "Hi, I can replicate this exact error. I'm using VS2010, on a machine that used to have VS2008 and the F# 2.0 compiler installed.\r\n\r\nFirst, I get the problem above about the runtime version. When I update the config, I get the same error: \r\n\r\nUnexpected failure while writing HTML docs: Object reference not set to an instance of an object.\r\n\r\nHopefully I will post more helpful debugging info here soon.",
    "PostedDate": "2010-08-10T08:49:24.653-07:00",
    "UserRole": null,
    "MarkedAsAnswerDate": null
  },
  {
    "Id": "478661",
    "ThreadId": "215031",
    "Html": "OK, the problem is in Metadata.AssemblyLoader. I don't have the same problem as that SO thread, because it loads FSharp.Core 4.0.0.0 fine. \r\n\r\n\r\nThen when it gets to my assembly, it tries to load its dependent assemblies and fails at SolrNet. I'm not sure why, deep inside the tast.fs in CcuThunk.Fixup, something is going awry with how it's loading SolrNet, which is a 2.0-compiled assembly. Odd.",
    "PostedDate": "2010-08-10T09:13:06.777-07:00",
    "UserRole": null,
    "MarkedAsAnswerDate": null
  }
]