{
  "WorkItem": {
    "AffectedComponent": {
      "Name": "",
      "DisplayName": ""
    },
    "ClosedComment": "",
    "ClosedDate": null,
    "CommentCount": 0,
    "Custom": null,
    "Description": "From FSBugs\n \n \nDear F#ers,\n \nIs it possible that there is a bug in fsyacc (October 2008 CTP)?\n \nThe fixity directive\n \n    %nonassoc GT LT GE LE\n \nin the attached NonAssocBug.fsy file seems to be ignored, and fsyacc reports shift/reduce conflicts as follows:\n \n    state 14: shift/reduce error on GT\n    state 14: shift/reduce error on LT\n    state 14: shift/reduce error on GE\n    state 14: shift/reduce error on LE\n    state 15: shift/reduce error on GT\n    state 15: shift/reduce error on LT\n    state 15: shift/reduce error on GE\n    state 15: shift/reduce error on LE\n    state 16: shift/reduce error on GT\n    state 16: shift/reduce error on LT\n    state 16: shift/reduce error on GE\n    state 16: shift/reduce error on LE\n    state 17: shift/reduce error on GT\n    state 17: shift/reduce error on LT\n    state 17: shift/reduce error on GE\n    state 17: shift/reduce error on LE\n \nHere's an excerpt from the attached NonAssocBug.fsyacc.output file:\n \nstate 14:\n   items:\n     Expr -> Expr . 'PLUS' Expr\n     Expr -> Expr . 'MINUS' Expr\n     ...\n     Expr -> Expr . 'GT' Expr\n     Expr -> Expr 'GT' Expr .\n     Expr -> Expr . 'LT' Expr\n     Expr -> Expr . 'GE' Expr\n     Expr -> Expr . 'LE' Expr\n \n   actions:\n     ...\n     action 'GT' (explicit nonassoc 9997):   shift 25\n     action 'LT' (explicit nonassoc 9997):   shift 26\n     action 'GE' (explicit nonassoc 9997):   shift 27\n     action 'LE' (explicit nonassoc 9997):   shift 28\n     action 'PLUS' (explicit left 9998):   shift 18\n     action 'MINUS' (explicit left 9998):   shift 19\n \nwhich shows that fsyacc prefers a shift action on GT LT GE LE.\n \nBut really there should neither be shift nor reduce in those cases, only an error transition, because the point of %nonassoc is to disallow\n \n    e1 > e2 > e3   and   e1 > e2 < e3\n \nand so on.\n \nI faintly recall fixing similar associativity bugs in mosmlyac (based on a very old camlyacc) back in the 1990'es, but no details...\n \nBest regard,\n \nPeter",
    "LastUpdatedDate": "2014-06-10T02:34:23.397-07:00",
    "PlannedForRelease": "",
    "ReleaseVisibleToPublic": false,
    "Priority": {
      "Name": "Low",
      "Severity": 50,
      "Id": 1
    },
    "ProjectName": "fsharppowerpack",
    "ReportedDate": "2010-08-31T21:19:06.117-07:00",
    "Status": {
      "Name": "Proposed",
      "Id": 1
    },
    "ReasonClosed": {
      "Name": "Unassigned"
    },
    "Summary": "Bug: Corner case in precedence handling in fsyacc",
    "Type": {
      "Name": "Issue",
      "Id": 3
    },
    "VoteCount": 2,
    "Id": 5100
  },
  "FileAttachments": [],
  "Comments": []
}