{
  "WorkItem": {
    "AffectedComponent": {
      "Name": "",
      "DisplayName": ""
    },
    "ClosedComment": "",
    "ClosedDate": null,
    "CommentCount": 0,
    "Custom": null,
    "Description": "From a bug report:\n \nPSeq.groupby is breaking when applied to keys that are arrays. I think it is using reference equality because you've haven't passed the appropriate IEqualityComparer to ParallelEnumerable.GroupBy.\n \nEquivalent bugs may well be afflicting similar functions, of course.",
    "LastUpdatedDate": "2013-06-14T00:24:34.767-07:00",
    "PlannedForRelease": "February 2010",
    "ReleaseVisibleToPublic": false,
    "Priority": {
      "Name": "Low",
      "Severity": 50,
      "Id": 1
    },
    "ProjectName": "fsharppowerpack",
    "ReportedDate": "2010-02-15T09:44:31.833-08:00",
    "Status": {
      "Name": "Resolved",
      "Id": 7
    },
    "ReasonClosed": {
      "Name": "Unassigned"
    },
    "Summary": "PSeq.groupBy not using the the right comparison",
    "Type": {
      "Name": "Issue",
      "Id": 3
    },
    "VoteCount": 2,
    "Id": 3952
  },
  "FileAttachments": [],
  "Comments": [
    {
      "Message": "Fixed with changeset #43022.",
      "PostedDate": "2010-03-13T15:22:57.81-08:00",
      "Id": -2147483648
    },
    {
      "Message": "",
      "PostedDate": "2010-03-31T10:20:07.533-07:00",
      "Id": -2147483648
    },
    {
      "Message": "",
      "PostedDate": "2012-01-24T09:26:37.657-08:00",
      "Id": -2147483648
    },
    {
      "Message": "",
      "PostedDate": "2013-02-21T16:25:08.063-08:00",
      "Id": -2147483648
    },
    {
      "Message": "",
      "PostedDate": "2013-05-16T03:44:26.753-07:00",
      "Id": -2147483648
    },
    {
      "Message": "",
      "PostedDate": "2013-05-16T03:44:26.87-07:00",
      "Id": -2147483648
    },
    {
      "Message": "",
      "PostedDate": "2013-06-14T00:24:34.767-07:00",
      "Id": -2147483648
    }
  ]
}