{
  "WorkItem": {
    "AffectedComponent": {
      "Name": "",
      "DisplayName": ""
    },
    "ClosedComment": "Closing old suggestions since the PowerPack functionality in this drop of the PowerPack will not be expanded from this point.\n\nSome requests for changes in functionality are also being closed for the same reason. \n\nNew functionality can be discussed in the versions of this code on GitHub:\n\n    http://github.com/fsharp/fsharpx\n    http://github.com/fsharp/powerpack\n\nand the Math.NET F# support, for Matrix functionality.",
    "ClosedDate": "2013-05-29T07:28:55.49-07:00",
    "CommentCount": 0,
    "Custom": null,
    "Description": "There seems to be a problem with FsYacc's lexer regarding %token and %start types. The following should work but do not:\n \n* int -> int\n* (int -> int)\n* seq<int>\n* Func<int,int,bool>\n \nBut \"(int, int, bool) Func\" works (that is, OCaml generics without functions are fine)\n \nThe lexer has a simple '<' [^ '\\n' '\\r' '>'] '>' rule for the types (thus not allowing the '>' character in the types). The rule should be replaced with a parentheses balance checker.\n \nAlso see: http://stackoverflow.com/questions/11342379/how-to-add-and-use-custom-context-parameters-during-parsing-with-f-fsyacc/11359377#11359377",
    "LastUpdatedDate": "2013-05-29T07:28:55.49-07:00",
    "PlannedForRelease": "",
    "ReleaseVisibleToPublic": false,
    "Priority": {
      "Name": "Low",
      "Severity": 50,
      "Id": 1
    },
    "ProjectName": "fsharppowerpack",
    "ReportedDate": "2012-07-06T07:20:02.04-07:00",
    "Status": {
      "Name": "Closed",
      "Id": 4
    },
    "ReasonClosed": {
      "Name": "External"
    },
    "Summary": "FsYacc, function types and .NET generics",
    "Type": {
      "Name": "Issue",
      "Id": 3
    },
    "VoteCount": 2,
    "Id": 7025
  },
  "FileAttachments": [],
  "Comments": [
    {
      "Message": "Should be fixed in patch #12899",
      "PostedDate": "2012-09-19T23:14:16.057-07:00",
      "Id": -2147483648
    },
    {
      "Message": "",
      "PostedDate": "2013-02-21T16:24:54.837-08:00",
      "Id": -2147483648
    },
    {
      "Message": "",
      "PostedDate": "2013-05-29T07:28:55.49-07:00",
      "Id": -2147483648
    }
  ]
}