{
  "WorkItem": {
    "AffectedComponent": {
      "Name": "",
      "DisplayName": ""
    },
    "ClosedComment": "",
    "ClosedDate": null,
    "CommentCount": 0,
    "Custom": "Fix ready",
    "Description": "open Microsoft.FSharp.Linq.QuotationEvaluation\n \nlet print x = System.Console.WriteLine(sprintf \"%A\" x)\n \ntype record = { x:int; y:int }\nlet val1 = { x = 1; y = 1; }\nlet val2 = { x = 1; y = 1; }\nlet result = val1 = val2\nprint result\n \nlet quote = <@ let value1 = { x = 1; y = 1; }\n               let value2 = { x = 1; y = 1; }\n               let result2 = value1 = value2\n               result2 @>\n \nprint (quote.EvalUntyped())\n \nOutput is true, false, and should be true,true.",
    "LastUpdatedDate": "2015-11-09T02:41:19.913-08:00",
    "PlannedForRelease": "",
    "ReleaseVisibleToPublic": false,
    "Priority": {
      "Name": "Medium",
      "Severity": 100,
      "Id": 2
    },
    "ProjectName": "fsharppowerpack",
    "ReportedDate": "2010-02-27T05:32:03.87-08:00",
    "Status": {
      "Name": "Resolved",
      "Id": 7
    },
    "ReasonClosed": {
      "Name": "Unassigned"
    },
    "Summary": "record equality in quotation evaluation",
    "Type": {
      "Name": "Issue",
      "Id": 3
    },
    "VoteCount": 2,
    "Id": 4041
  },
  "FileAttachments": [],
  "Comments": [
    {
      "Message": "You really have two themes in this one paragraph, so split this into two (contrary to popular opinion, it is ok to accept your thesis anywhere other than the first paragraph): one about children's tales in general, and one about Where the Wild Things Are. [Assignment Help at IrishEssays.com](http://www.irishessays.com/write-my-assignments-ireland)\n",
      "PostedDate": "2015-11-09T02:41:19.913-08:00",
      "Id": -2147483648
    }
  ]
}