{
  "WorkItem": {
    "AffectedComponent": {
      "Name": "",
      "DisplayName": ""
    },
    "ClosedComment": "Closing old suggestions since the PowerPack functionality in this drop of the PowerPack will not be expanded from this point.\n\nSome requests for changes in functionality are also being closed for the same reason. \n\nNew functionality can be discussed in the versions of this code on GitHub:\n\n    http://github.com/fsharp/fsharpx\n    http://github.com/fsharp/powerpack\n\nand the Math.NET F# support, for Matrix functionality.",
    "ClosedDate": "2013-05-29T07:28:39.04-07:00",
    "CommentCount": 0,
    "Custom": null,
    "Description": "http://cs.hubfs.net/forums/thread/10618.aspx\n \nHi.\n \nI recently upgraded to the May 09 CTP and was no longer able to compile my project. Upon investigation I found that fslex/fsyacc is generating code files which include TAB characters and this is now treated as an error at compile time.\n \nAs a workaround I currently remove these TAB's in a pre-build step which works fine but I would rather not mess with generated code. So I would like to know if anybody else is having this problem? Am I doing something else wrong?\n \nCurrent workaround:\n \nUnder Project Properties - Build Events - Pre-build event command line\n \nfslex \"$(ProjectDir)MyLexer.fsl\" \nfsyacc \"$(ProjectDir)MyParser.fsy\"\nRemoveTabs \"$(ProjectDir)MyLexer.fs\" \"$(ProjectDir)MyParser.fs\"\n \nand the following code for RemoveTabs:\n \nopen System\nopen System.IO\n \nlet RemoveTabs (fileName : string) = \n    let sr = new StreamReader(fileName)\n    let code = sr.ReadToEnd()\n    sr.Close() \n    let ncode = code.Replace(\"\\t\",\"\")\n    let sw = new StreamWriter(fileName)\n    sw.Write(ncode)\n    sw.Close()\n    () \n \nlet args = Environment.GetCommandLineArgs() \nfor k = 1 to args.Length - 1 do\n    RemoveTabs(args.[k])\n \n===\nDo you have TABs in the fslex and fsyacc input files (.fsl and .fsy)? The tools copy through the action text to the output (.fs) files.\n===\nYou are right. Tabs in the original .fsl and .fsy were the problem. Thanks\n \nI had only changed the text editor settings for F# code files to replace tabs with inserted spaces so a general text file like the .fsl and .fsy files kept the default settings.\n \nPerhaps a future version of fslex/fsyacc could replace tabs with spaces during the copying phase so that others don't make the same mistake I did.\n5/29/2009 6:54 AM\tOpened by jamarg (Bug 5114 - FSharp 1.0)\nTABS is source file of fslex and fsyacc (actually in the actions part) can lead to TABS in the generated souce file. We could warn on TAB in fslex and fsyacc.",
    "LastUpdatedDate": "2013-05-29T07:28:39.04-07:00",
    "PlannedForRelease": "",
    "ReleaseVisibleToPublic": false,
    "Priority": {
      "Name": "Low",
      "Severity": 50,
      "Id": 1
    },
    "ProjectName": "fsharppowerpack",
    "ReportedDate": "2010-08-31T21:20:55.417-07:00",
    "Status": {
      "Name": "Closed",
      "Id": 4
    },
    "ReasonClosed": {
      "Name": "External"
    },
    "Summary": "Suggetion: fslex / fsyacc could warn on TAB when doing copy through of the actions text",
    "Type": {
      "Name": "Issue",
      "Id": 3
    },
    "VoteCount": 1,
    "Id": 5102
  },
  "FileAttachments": [],
  "Comments": []
}