{
  "WorkItem": {
    "AffectedComponent": {
      "Name": "",
      "DisplayName": ""
    },
    "ClosedComment": "",
    "ClosedDate": null,
    "CommentCount": 0,
    "Custom": null,
    "Description": "From FSBugs\n \nWhen I’m using xsd.exe with the F# codedom – if I have attributes called ‘type’ or ‘function’ or some other F# reserved word in my xml schema, they’re not cleaned up by the CodeDom and get thrown out into the code where the compiler complains about it. Some people here think that’s a bug – I’m not sure what the C# codedom does. Personally I think it’s a case for more defensive coding, but xsd should probably clean it up – it is valid XML, after all.",
    "LastUpdatedDate": "2013-02-21T16:25:01.56-08:00",
    "PlannedForRelease": "",
    "ReleaseVisibleToPublic": false,
    "Priority": {
      "Name": "Low",
      "Severity": 50,
      "Id": 1
    },
    "ProjectName": "fsharppowerpack",
    "ReportedDate": "2010-08-31T21:17:03.61-07:00",
    "Status": {
      "Name": "Proposed",
      "Id": 1
    },
    "ReasonClosed": {
      "Name": "Unassigned"
    },
    "Summary": "Bug: CodeDom doesn't escape F# keyword",
    "Type": {
      "Name": "Issue",
      "Id": 3
    },
    "VoteCount": 2,
    "Id": 5099
  },
  "FileAttachments": [],
  "Comments": [
    {
      "Message": "It doesn't look like this is amenable to a point fix -- the (++) and (--) functions are too general; we don't want to wrap real class or module declarations like\r\n\r\n        -- \" = \" -- structOrCls\r\n\r\nwhen structOrCls has value \"class\", say.\r\n\r\nIt would probably come down to wrapping every use of a <code dom type>.Name in an escaping wrapper like\r\n\r\n    let makeEnquotededIdentifier str = \r\n      if (fsKeyWords.Contains(str)) then \"``\"+str+\"``\" else str;\r\n",
      "PostedDate": "2011-04-25T01:02:19.223-07:00",
      "Id": -2147483648
    },
    {
      "Message": "The C# CodeDOM uses the @-prefix to escape keywords (e.g. @return for a variable called return), so the backtick escaping would be equivalent.\r\n\r\nThe -! operator adds a prefixing underscore via makeValidIdentifier, so judicious replacement of -- x.Name with -! x.Name would do; it would just be nicer to do the language defined keyword escaping through some similar operator.\r\n\r\nThe public CreateEscapedIdentifier method should also strictly backtick-escape, to have the analogous behaviour to the C# @-prefixing behaviour; the unused function Generator.makeEscapedIdentifier would then be the same as the proposed makeEnquotededIdentifier above.",
      "PostedDate": "2011-06-17T12:40:07.597-07:00",
      "Id": -2147483648
    },
    {
      "Message": "",
      "PostedDate": "2013-02-21T16:25:01.56-08:00",
      "Id": -2147483648
    }
  ]
}