{
  "WorkItem": {
    "AffectedComponent": {
      "Name": "",
      "DisplayName": ""
    },
    "ClosedComment": "Closing old suggestions since the PowerPack functionality in this drop of the PowerPack will not be expanded from this point.\n\nSome requests for changes in functionality are also being closed for the same reason. \n\nNew functionality can be discussed in the versions of this code on GitHub:\n\n    http://github.com/fsharp/fsharpx\n    http://github.com/fsharp/powerpack\n\nand the Math.NET F# support, for Matrix functionality.",
    "ClosedDate": "2013-05-29T07:28:29.78-07:00",
    "CommentCount": 0,
    "Custom": null,
    "Description": "In F# .net 4.0 project\nadding reference to FSharp.PowerPack broke intellisence in VS 2010.\n \nWhen I press Ctrl-Space VS type \"<Note>\" instead of showing intellisence list.",
    "LastUpdatedDate": "2013-05-29T07:28:29.78-07:00",
    "PlannedForRelease": "",
    "ReleaseVisibleToPublic": false,
    "Priority": {
      "Name": "Low",
      "Severity": 50,
      "Id": 1
    },
    "ProjectName": "fsharppowerpack",
    "ReportedDate": "2010-05-11T05:18:30.12-07:00",
    "Status": {
      "Name": "Closed",
      "Id": 4
    },
    "ReasonClosed": {
      "Name": "External"
    },
    "Summary": "Library broke intellisence",
    "Type": {
      "Name": "Issue",
      "Id": 3
    },
    "VoteCount": 3,
    "Id": 4478
  },
  "FileAttachments": [],
  "Comments": [
    {
      "Message": "Thanks for your report!\r\n\r\nThis looks like an issue in F# IntelliSense.\r\nI have tried to repro this a bit, but to no avail.\r\nIs it reproducible for you? What is the type you were trying to get the IntelliSense for?\r\n\r\nThanks again,\r\nDmitry\r\n",
      "PostedDate": "2010-05-12T09:50:00.377-07:00",
      "Id": -2147483648
    },
    {
      "Message": "I deleted that f# project. I tried to reproduce that error, but it was not happens.\r\n\"<Note>\" appeared when I pressed Ctrl-Space before writing any type.\r\nBut when I invoked intellisence to show members of type or namespace it's worked (\"System.\" for example).",
      "PostedDate": "2010-05-12T11:19:44.15-07:00",
      "Id": -2147483648
    },
    {
      "Message": "",
      "PostedDate": "2010-05-22T00:26:39.27-07:00",
      "Id": -2147483648
    },
    {
      "Message": "",
      "PostedDate": "2011-01-08T06:30:27.343-08:00",
      "Id": -2147483648
    },
    {
      "Message": "",
      "PostedDate": "2013-02-21T16:25:05.463-08:00",
      "Id": -2147483648
    },
    {
      "Message": "",
      "PostedDate": "2013-05-29T07:28:29.78-07:00",
      "Id": -2147483648
    }
  ]
}