{
  "WorkItem": {
    "AffectedComponent": {
      "Name": "",
      "DisplayName": ""
    },
    "ClosedComment": "Closing old suggestions since the PowerPack functionality in this drop of the PowerPack will not be expanded from this point.\n\nSome requests for changes in functionality are also being closed for the same reason. \n\nNew functionality can be discussed in the versions of this code on GitHub:\n\n    http://github.com/fsharp/fsharpx\n    http://github.com/fsharp/powerpack\n\nand the Math.NET F# support, for Matrix functionality.",
    "ClosedDate": "2013-05-29T07:28:49.073-07:00",
    "CommentCount": 0,
    "Custom": null,
    "Description": "I have a project which uses fslex and fsyacc to create a parser, and feeds the parser using the OCaml compatibility API:\n \nlet lexbuff = Lexing.from_string s\nParser.start Lexer.tokenize lexbuff\n \nThis works fine in VS2010 RTM.  After installing VS2010 SP1, the project still compiles successfully, but fails with a MissingMethodException:\n \nMethod not found: 'System.Object Microsoft.FSharp.Text.Parsing.Tables`1.Interpret(Microsoft.FSharp.Core.FSharpFunc`2<Microsoft.FSharp.Text.Lexing.LexBuffer`1<Byte>,!0>, Microsoft.FSharp.Text.Lexing.LexBuffer`1<Byte>, Int32)'.\n\tat Xxx.Parser.start[cty](FSharpFunc`2 lexer, LexBuffer`1 lexbuf)\n \nI thought this might be because of a mismatch between LexBuffer<Char> and the compatibility LexBuffer<Byte> so I ported it over to the new API and Unicode lexer but the error still occurs except with Char instead of Byte:\n \nMethod not found: 'System.Object Microsoft.FSharp.Text.Parsing.Tables`1.Interpret(Microsoft.FSharp.Core.FSharpFunc`2<Microsoft.FSharp.Text.Lexing.LexBuffer`1<Char>,!0>, Microsoft.FSharp.Text.Lexing.LexBuffer`1<Char>, Int32)'",
    "LastUpdatedDate": "2013-05-29T07:28:49.073-07:00",
    "PlannedForRelease": "",
    "ReleaseVisibleToPublic": false,
    "Priority": {
      "Name": "Low",
      "Severity": 50,
      "Id": 1
    },
    "ProjectName": "fsharppowerpack",
    "ReportedDate": "2011-03-29T16:16:01.063-07:00",
    "Status": {
      "Name": "Closed",
      "Id": 4
    },
    "ReasonClosed": {
      "Name": "External"
    },
    "Summary": "fsyacc: MissingMethodException after installing VS2010 SP1",
    "Type": {
      "Name": "Issue",
      "Id": 3
    },
    "VoteCount": 5,
    "Id": 5991
  },
  "FileAttachments": [],
  "Comments": [
    {
      "Message": "We also have a development project which uses fslex/fsyacc, tho using the what I believe is the standard API:\r\n\r\n                let text = File.ReadAllText filename\r\n                let lexbuff = LexBuffer<char>.FromString(text)\r\n\r\nThis has been working fine for months using VS2010 RTM/PowerPack 2.0.  We now need to move to SP1 (since moving to the same CI/Build server as our other projects, which use VS2010 SP1).\r\n\r\nThe error I get looks almost identical to the one quoted (except it says !!0 instead of Byte or Char):\r\n          System.MissingMethodException: Method not found: \r\n          'System.Object Microsoft.FSharp.Text.Parsing.Tables`1.Interpret(\r\n           Microsoft.FSharp.Core.FSharpFunc`2<Microsoft.FSharp.Text.Lexing.LexBuffer`1<!!0>,!0>, Microsoft.FSharp.Text.Lexing.LexBuffer`1<!!0>, Int32)'.\r\n\r\nWhat is my best workaround, since I need to update VS2010 to SP1?\r\n\r\nPls advise,\r\nDavid\r\n",
      "PostedDate": "2011-06-01T14:33:36.403-07:00",
      "Id": -2147483648
    },
    {
      "Message": "Clarification -- I was running a release build and the line # was off. \r\nIn debug, I get exactly the same exception as reported by itowlson, on the call to the parser's entry function:    Parser.parse Lexer.tokenize lexbuff\r\n\r\nMethod not found: 'System.Object Microsoft.FSharp.Text.Parsing.Tables`1.Interpret(Microsoft.FSharp.Core.FSharpFunc`2<Microsoft.FSharp.Text.Lexing.LexBuffer`1<Char>,!0>,Microsoft.FSharp.Text.Lexing.LexBuffer`1<Char>, Int32)'.",
      "PostedDate": "2011-06-01T14:43:56.453-07:00",
      "Id": -2147483648
    },
    {
      "Message": "David,\r\n\r\nIf it helps, there is a workaround posted at http://stackoverflow.com/questions/5447539/problem-with-f-powerpack-method-not-found-error/5450174#5450174.  ildjarn has posted a fixed build of the PowerPack -- link in the comments to that SO answer (disclaimer: haven't tested it myself).",
      "PostedDate": "2011-06-01T14:59:13.76-07:00",
      "Id": -2147483648
    },
    {
      "Message": "Thanks, itowlson.\r\n\r\nI had seen the workaround (editing pub.config) on SO, but that seemed to refer to a bug that was was in SP1 Beta and fixed in SP1 final. \r\nI will contact fsbugs directly (per TomasP's suggestion on SO) since this is definitely hitting our productivity.\r\n\r\nDavid\r\n\r\n",
      "PostedDate": "2011-06-01T15:48:30.327-07:00",
      "Id": -2147483648
    },
    {
      "Message": "Sorry, the workaround I meant was to rebuild PowerPack from source using SP1 (or use ildjarn's build), as suggested in Tomas' answer and ildjarn's comment, rather than the linked bug.  Apologies for the confusion.",
      "PostedDate": "2011-06-01T16:22:52.53-07:00",
      "Id": -2147483648
    },
    {
      "Message": "Th following fix, suggested by dsyme, worked great for me:\r\n\r\n1. Reinstall/repair the Microsoft F# 2.0 SP1 Runtime from here:\r\n     http://www.microsoft.com/downloads/en/details.aspx?FamilyID=ff97433b-1d0d-4b1b-bc55-9f6ae9a2f275  \r\n \r\n2. If you suffer slow compile times after doing this, please let us know. [fsbugs AT microsoft.com] Then run \r\n     C:\\Windows\\Microsoft.NET\\Framework\\v4.0.30319\\ngen.exe update\r\n from any command prompt. Ignore any errors you see  (just leave it running)\r\n\r\n-----\r\nOne oddity I noted:  when I upgraded VS2010 to SP1 on my XP x86 machine, I had to perform step 1 to reinstall the runtime, but then compiles were fine and I didn't have to run ngen.\r\nContrariwise, on my x64 machine, I did not have to reinstall the runtime, but compiles slowed to a crawl until I did step 2 (ngen)\r\n\r\nAnyway, thanks Microsoft & Don for a great language and a straightforward fix.\r\n\r\n\r\n",
      "PostedDate": "2011-06-03T14:47:49.113-07:00",
      "Id": -2147483648
    },
    {
      "Message": "",
      "PostedDate": "2012-04-30T04:09:21.767-07:00",
      "Id": -2147483648
    },
    {
      "Message": "",
      "PostedDate": "2013-02-21T16:24:57.53-08:00",
      "Id": -2147483648
    },
    {
      "Message": "",
      "PostedDate": "2013-05-29T07:28:49.073-07:00",
      "Id": -2147483648
    }
  ]
}