{
  "WorkItem": {
    "AffectedComponent": {
      "Name": "",
      "DisplayName": ""
    },
    "ClosedComment": "",
    "ClosedDate": null,
    "CommentCount": 0,
    "Custom": null,
    "Description": "Running FxCop on an fsharp assembly complains that uses of \"\" should be replaced with String.Empty.\n\nGiven that F# prefers short, neat syntax, is there a reason that the compiler shouldn't generate references to String.Empty instead of a new zero-length string?",
    "LastUpdatedDate": "2016-10-09T05:51:57.147-07:00",
    "PlannedForRelease": "",
    "ReleaseVisibleToPublic": false,
    "Priority": {
      "Name": "Unassigned",
      "Severity": 0,
      "Id": 0
    },
    "ProjectName": "fsharppowerpack",
    "ReportedDate": "2013-12-04T02:24:08.617-08:00",
    "Status": {
      "Name": "Proposed",
      "Id": 1
    },
    "ReasonClosed": {
      "Name": "Unassigned"
    },
    "Summary": "Should \"\" compile to String.Empty?",
    "Type": {
      "Name": "Unassigned",
      "Id": 5
    },
    "VoteCount": 1,
    "Id": 7699
  },
  "FileAttachments": [],
  "Comments": [
    {
      "Message": "Is there anybody who tells me List of five primary programming languages and specify of each? Actually I am a programmer of [Assignment Writing Service](http://www.Topassignmenthelp.co.uk/) and I have got confused could any person tell me what are the five new important and new used programming languages today and what are the strengths of different programming languages and also classification of Programming Languages?",
      "PostedDate": "2016-10-09T05:51:57.147-07:00",
      "Id": -2147483648
    }
  ]
}