[
  {
    "Id": 3939,
    "Title": "Expert F# examples not working"
  },
  {
    "Id": 3943,
    "Title": "Using a custom function as a pattern matcher"
  },
  {
    "Id": 3949,
    "Title": "Add FsLex\\FsYacc project template to powerpack"
  },
  {
    "Id": 3951,
    "Title": "Provide method for determining whether two FSharpEntities are identical"
  },
  {
    "Id": 3952,
    "Title": "PSeq.groupBy not using the the right comparison"
  },
  {
    "Id": 4006,
    "Title": "Binaries ZIP File broken"
  },
  {
    "Id": 4041,
    "Title": "record equality in quotation evaluation"
  },
  {
    "Id": 4051,
    "Title": "Allow fshtmldoc.exe to look for .xml file in a location other than that of the .dll/.exe"
  },
  {
    "Id": 4053,
    "Title": "ResizeArray module lacks an ofSeq function."
  },
  {
    "Id": 4060,
    "Title": "'query' function throws an exception when accessing fields of class containing quotation literal"
  },
  {
    "Id": 4139,
    "Title": "PSeq.sumBy produces incorrect results"
  },
  {
    "Id": 4219,
    "Title": "Silverlight 3.0 build of F# PowerPack"
  },
  {
    "Id": 4253,
    "Title": "Fsharp 1.9.6.16 incompatibility?"
  },
  {
    "Id": 4296,
    "Title": "Matrix PermuteColumns throws unexpected IndexOutOfRange exception"
  },
  {
    "Id": 4337,
    "Title": "Sparse Matrix implementation and optimization"
  },
  {
    "Id": 4444,
    "Title": "Many functions use old-style names"
  },
  {
    "Id": 4449,
    "Title": "FSharp.Core.sigdata not found alongside FSharp.Core"
  },
  {
    "Id": 4467,
    "Title": "Do not use Expression.Type in PowerPack.Linq"
  },
  {
    "Id": 4468,
    "Title": "ToLinqExpression should simplify the results of splicing into delegate constructor"
  },
  {
    "Id": 4478,
    "Title": "Library broke intellisence"
  },
  {
    "Id": 4481,
    "Title": "Support property-based joins in Linq queries"
  },
  {
    "Id": 4485,
    "Title": "Stack overflow in PSeq.concat"
  },
  {
    "Id": 4489,
    "Title": "Consider adding an AutoOpen attribute to FSharp.PowerPack.Parallel.Seq assembly to make PSeq more visible to LanguageService"
  },
  {
    "Id": 4542,
    "Title": "Consider adding overloads for operators on complex types"
  },
  {
    "Id": 4548,
    "Title": "Version 2.0.0.0 breaks fslex/fsyacc build in VS2010"
  },
  {
    "Id": 4550,
    "Title": "Cannot use Microsoft.FSharp.Compatability.Lazy methods on System.Lazy values"
  },
  {
    "Id": 4572,
    "Title": "Linq support: consider initializing NewExpression.Members for tuples"
  },
  {
    "Id": 4618,
    "Title": "PSeq.map returning incorrect results"
  },
  {
    "Id": 4626,
    "Title": "Eval of nested quotations"
  },
  {
    "Id": 4639,
    "Title": "No F# query support for Seq.skip"
  },
  {
    "Id": 4680,
    "Title": "Cannot invoke compiled F# function that uses a type"
  },
  {
    "Id": 4687,
    "Title": "Typo in error message"
  },
  {
    "Id": 4710,
    "Title": "Provide an \"admits a null as a normal value\" check for System.Type in FSharp.Metadata"
  },
  {
    "Id": 4711,
    "Title": "Provide IsFSharpAssembly method in FSharp.Metadata.FSharpAssembly"
  },
  {
    "Id": 5015,
    "Title": "Microsoft.FSharp.Text.ArgParser.Parse does not return the matched args"
  },
  {
    "Id": 5078,
    "Title": "Suggestion: Implement inplace matrix multiplication"
  },
  {
    "Id": 5094,
    "Title": "Suggestion: Implement inplace matrix multiplication"
  },
  {
    "Id": 5095,
    "Title": "Suggestion: Internal representation of FSharp.Math.DenseMatrix<T>"
  },
  {
    "Id": 5096,
    "Title": "Suggestion: Augment Matrix library with units"
  },
  {
    "Id": 5097,
    "Title": "Suggestion: Make the RowVector module have the same API as the Vector module"
  },
  {
    "Id": 5098,
    "Title": "Suggestion: Introduce an immutable array datastructure"
  },
  {
    "Id": 5099,
    "Title": "Bug: CodeDom doesn't escape F# keyword"
  },
  {
    "Id": 5100,
    "Title": "Bug: Corner case in precedence handling in fsyacc"
  },
  {
    "Id": 5101,
    "Title": "Suggestion: Recover PowerPack functionality lost on silverlight"
  },
  {
    "Id": 5102,
    "Title": "Suggetion: fslex / fsyacc could warn on TAB when doing copy through of the actions text"
  },
  {
    "Id": 5103,
    "Title": "Suggestion: Matrix.initDiagonal"
  },
  {
    "Id": 5104,
    "Title": "Bug: no diagnostics from msbuild task for FsLex and FsYacc if incorrect options are given"
  },
  {
    "Id": 5105,
    "Title": "Bug: Metadata API: problem with flexible types"
  },
  {
    "Id": 5106,
    "Title": "Suggestion: FsHtmlDoc doesn't pay attention to <code> <param> etc."
  },
  {
    "Id": 5107,
    "Title": "Suggesitons: Unit-generic operations in powerpack"
  },
  {
    "Id": 5194,
    "Title": "VS2010 FSharp.PowerPack.targets was not found"
  },
  {
    "Id": 5195,
    "Title": "VS2010 FSharp.PowerPack.targets was not found"
  },
  {
    "Id": 5196,
    "Title": "VS2010 FSharp.PowerPack.targets was not found"
  },
  {
    "Id": 5327,
    "Title": "fshtmldoc.exe fails with NullReferenceException"
  },
  {
    "Id": 5328,
    "Title": "fshtmldoc.exe fails with NullReferenceException"
  },
  {
    "Id": 5329,
    "Title": "fshtmldoc.exe fails with NullReferenceException"
  },
  {
    "Id": 5344,
    "Title": "Explicit support for Entity Framework in Powerpack.Linq"
  },
  {
    "Id": 5354,
    "Title": "PowerPack doesn't work with Windows Phone 7 application"
  },
  {
    "Id": 5570,
    "Title": "Boolean contains[Char]"
  },
  {
    "Id": 5744,
    "Title": "TypeInitializationException when using Microsoft.FSharp.Text.ArgParser under .NET 4"
  },
  {
    "Id": 5881,
    "Title": "PowerPack for Linq does not support Seq.find"
  },
  {
    "Id": 5882,
    "Title": "Error evaluation certain statically constrained functions returning lambdas"
  },
  {
    "Id": 5940,
    "Title": "Suggestion: .NET 4 release, NuGet package"
  },
  {
    "Id": 5976,
    "Title": "fslex: \"as XXXX\" not supported"
  },
  {
    "Id": 5991,
    "Title": "fsyacc: MissingMethodException after installing VS2010 SP1"
  },
  {
    "Id": 6014,
    "Title": "groupNy -> groupBy"
  },
  {
    "Id": 6020,
    "Title": "Error evaluating (Microsoft.FSharp.Core.Operators.int:string->int) expression"
  },
  {
    "Id": 6056,
    "Title": "fslex, fsyacc: why all the failwith? Generic exception very annoying in debugger"
  },
  {
    "Id": 6173,
    "Title": "Unknown expression type 'CodeDefaultValueExpression' please report this to the F# team."
  },
  {
    "Id": 6363,
    "Title": "Filename.concat not compatible with Ocaml: Notice that a directory delimeter is added on the end in Ocaml, but not in F#."
  },
  {
    "Id": 6375,
    "Title": "FsHtmlDoc.exe fails"
  },
  {
    "Id": 6740,
    "Title": "Matrix[] does not work"
  },
  {
    "Id": 6741,
    "Title": "Matrix[] does not work"
  },
  {
    "Id": 6742,
    "Title": "Matrix[] does not work"
  },
  {
    "Id": 6829,
    "Title": "The namespace or module 'Tokens' is not defined in lexer.fsl"
  },
  {
    "Id": 6840,
    "Title": "complex type \"Exception raised during pretty printing\" in fsi in VS11 Beta"
  },
  {
    "Id": 6881,
    "Title": "string_of_float is missing CultureInfo.InvariantCulture"
  },
  {
    "Id": 6925,
    "Title": "AsyncStreamReader is many orders of magnitude slower than StreamReader"
  },
  {
    "Id": 7024,
    "Title": "FsYacc, function types and .NET generics"
  },
  {
    "Id": 7025,
    "Title": "FsYacc, function types and .NET generics"
  },
  {
    "Id": 7189,
    "Title": "Problematic copyright headers on some files"
  },
  {
    "Id": 7206,
    "Title": "Powerpack with .net 4.5"
  },
  {
    "Id": 7214,
    "Title": "Bug in CodeDomCompiler when compiling multiple source strings"
  },
  {
    "Id": 7273,
    "Title": "Please add .PKG installer for Mac"
  },
  {
    "Id": 7274,
    "Title": "gacutil: Failure adding assembly FSharp.PowerPack.Parallel.Seq.dll to the cache: Attempt to install an assembly without a strong name"
  },
  {
    "Id": 7307,
    "Title": "FsLex/FsYacc build tasks broken"
  },
  {
    "Id": 7398,
    "Title": "Do not warn when a match covers all cases of enum"
  },
  {
    "Id": 7699,
    "Title": "Should \"\" compile to String.Empty?"
  },
  {
    "Id": 7756,
    "Title": "Documentation tab is empty on this page"
  },
  {
    "Id": 7774,
    "Title": "Coloring for different syntactic constructs"
  }
]