{
  "WorkItem": {
    "AffectedComponent": {
      "Name": "",
      "DisplayName": ""
    },
    "ClosedComment": "Closing old suggestions since the PowerPack functionality in this drop of the PowerPack will not be expanded from this point.\n\nSome requests for changes in functionality are also being closed for the same reason. \n\nNew functionality can be discussed in the versions of this code on GitHub:\n\n    http://github.com/fsharp/fsharpx\n    http://github.com/fsharp/powerpack\n\nand the Math.NET F# support, for Matrix functionality.",
    "ClosedDate": "2013-05-29T07:28:33.62-07:00",
    "CommentCount": 0,
    "Custom": null,
    "Description": "In the file LinqQueries.fsi fix the typo in the following error message:\n \nThe operator Seq.groupBy may not be used in queries. Use Microsoft.FSharp.Linq.Query.groupNy instead, which has a different return type to the standard F# operator\n \ngroupNy -> groupBy",
    "LastUpdatedDate": "2013-05-29T07:28:33.62-07:00",
    "PlannedForRelease": "",
    "ReleaseVisibleToPublic": false,
    "Priority": {
      "Name": "Low",
      "Severity": 50,
      "Id": 1
    },
    "ProjectName": "fsharppowerpack",
    "ReportedDate": "2010-06-23T15:55:05.86-07:00",
    "Status": {
      "Name": "Closed",
      "Id": 4
    },
    "ReasonClosed": {
      "Name": "External"
    },
    "Summary": "Typo in error message",
    "Type": {
      "Name": "Issue",
      "Id": 3
    },
    "VoteCount": 1,
    "Id": 4687
  },
  "FileAttachments": [],
  "Comments": []
}