{
  "WorkItem": {
    "AffectedComponent": {
      "Name": "",
      "DisplayName": ""
    },
    "ClosedComment": "Closing old suggestions since the PowerPack functionality in this drop of the PowerPack will not be expanded from this point.\n\nSome requests for changes in functionality are also being closed for the same reason. \n\nNew functionality can be discussed in the versions of this code on GitHub:\n\n    http://github.com/fsharp/fsharpx\n    http://github.com/fsharp/powerpack\n\nand the Math.NET F# support, for Matrix functionality.",
    "ClosedDate": "2013-05-29T07:28:54.237-07:00",
    "CommentCount": 0,
    "Custom": null,
    "Description": "In testing some recent parsing work (HTTP request messages) I tried using AsyncStreamReader and found that it was many orders of magnitude slower than System.IO.StreamReader. I understand the trade-off in performance for the overhead of running async, but I was quite surprised at the result.\n \nYou can see the source here:\n1. StreamReader: source [1] tests [2]\n2. AsyncStreamReader: source [3] tests [4]\n \nWhat's the use case for this type? Am I using it wrong?\n \n[1] https://github.com/panesofglass/fracture/blob/http-parser/src/http/HttpParser.fs\n[2] https://github.com/panesofglass/fracture/blob/http-parser/tests/Http.Tests/HttpParserTest.fs\n[3] https://github.com/panesofglass/fracture/blob/async-http-parser/src/http/HttpParser.fs\n[4] https://github.com/panesofglass/fracture/blob/async-http-parser/tests/Http.Tests/HttpParserTest.fs",
    "LastUpdatedDate": "2013-05-29T07:28:54.237-07:00",
    "PlannedForRelease": "",
    "ReleaseVisibleToPublic": false,
    "Priority": {
      "Name": "Low",
      "Severity": 50,
      "Id": 1
    },
    "ProjectName": "fsharppowerpack",
    "ReportedDate": "2012-05-03T07:10:30.44-07:00",
    "Status": {
      "Name": "Closed",
      "Id": 4
    },
    "ReasonClosed": {
      "Name": "External"
    },
    "Summary": "AsyncStreamReader is many orders of magnitude slower than StreamReader",
    "Type": {
      "Name": "Issue",
      "Id": 3
    },
    "VoteCount": 1,
    "Id": 6925
  },
  "FileAttachments": [],
  "Comments": []
}