{
  "WorkItem": {
    "AffectedComponent": {
      "Name": "",
      "DisplayName": ""
    },
    "ClosedComment": "Closing old suggestions since the PowerPack functionality in this drop of the PowerPack will not be expanded from this point.\n\nSome requests for changes in functionality are also being closed for the same reason. \n\nNew functionality can be discussed in the versions of this code on GitHub:\n\n    http://github.com/fsharp/fsharpx\n    http://github.com/fsharp/powerpack\n\nand the Math.NET F# support, for Matrix functionality.",
    "ClosedDate": "2013-05-29T07:28:48.393-07:00",
    "CommentCount": 0,
    "Custom": null,
    "Description": "In ocamllex, you can have patterns like \n \n| '$' ? ((['A' - 'Z'] | ['A' - 'H']['A' - 'Z'] | 'I' ['A' - 'V']) as column) '$' ? ((['0'-'9']+) as row)\n \nwhere you can refer to column and row.\n \nIn fslex, I get the very informative message \"macro row not defined\" at row 0. Is it possible to get a better error message\n \nIs this a bug, or just unsupported by design? Anything else in ocamllex that isn't supported?",
    "LastUpdatedDate": "2013-05-29T07:28:48.393-07:00",
    "PlannedForRelease": "",
    "ReleaseVisibleToPublic": false,
    "Priority": {
      "Name": "Low",
      "Severity": 50,
      "Id": 1
    },
    "ProjectName": "fsharppowerpack",
    "ReportedDate": "2011-03-26T02:45:03.677-07:00",
    "Status": {
      "Name": "Closed",
      "Id": 4
    },
    "ReasonClosed": {
      "Name": "External"
    },
    "Summary": "fslex: \"as XXXX\" not supported",
    "Type": {
      "Name": "Issue",
      "Id": 3
    },
    "VoteCount": 1,
    "Id": 5976
  },
  "FileAttachments": [],
  "Comments": []
}