{
  "WorkItem": {
    "AffectedComponent": {
      "Name": "",
      "DisplayName": ""
    },
    "ClosedComment": "Closing old suggestions since the PowerPack functionality in this drop of the PowerPack will not be expanded from this point.\n\nSome requests for changes in functionality are also being closed for the same reason. \n\nNew functionality can be discussed in the versions of this code on GitHub:\n\n    http://github.com/fsharp/fsharpx\n    http://github.com/fsharp/powerpack\n\nand the Math.NET F# support, for Matrix functionality.",
    "ClosedDate": "2013-05-29T07:28:45.053-07:00",
    "CommentCount": 0,
    "Custom": null,
    "Description": "After installing PowerPack May 2010 version, in WP7 application, I got:\n \nCould not load type 'Microsoft.FSharp.Text.Lexing.LexBuffer`1' from assembly 'FSharp.PowerPack, Version=2.0.0.0, Culture=neutral, PublicKeyToken=99CF57B64B44BF93'",
    "LastUpdatedDate": "2013-05-29T07:28:45.053-07:00",
    "PlannedForRelease": "",
    "ReleaseVisibleToPublic": false,
    "Priority": {
      "Name": "Low",
      "Severity": 50,
      "Id": 1
    },
    "ProjectName": "fsharppowerpack",
    "ReportedDate": "2010-10-26T09:46:49.15-07:00",
    "Status": {
      "Name": "Closed",
      "Id": 4
    },
    "ReasonClosed": {
      "Name": "External"
    },
    "Summary": "PowerPack doesn't work with Windows Phone 7 application",
    "Type": {
      "Name": "Issue",
      "Id": 3
    },
    "VoteCount": 4,
    "Id": 5354
  },
  "FileAttachments": [],
  "Comments": []
}