{
  "WorkItem": {
    "AffectedComponent": {
      "Name": "",
      "DisplayName": ""
    },
    "ClosedComment": "",
    "ClosedDate": null,
    "CommentCount": 0,
    "Custom": "Fix ready",
    "Description": "The ResizeArray module has toSeq, ofArray, ofList, and so on, but it does not seem to have an ofSeq function. A simple one-line addition would make this module more complete.",
    "LastUpdatedDate": "2013-06-14T00:24:33.993-07:00",
    "PlannedForRelease": "",
    "ReleaseVisibleToPublic": false,
    "Priority": {
      "Name": "Low",
      "Severity": 50,
      "Id": 1
    },
    "ProjectName": "fsharppowerpack",
    "ReportedDate": "2010-03-02T12:29:58.297-08:00",
    "Status": {
      "Name": "Resolved",
      "Id": 7
    },
    "ReasonClosed": {
      "Name": "Unassigned"
    },
    "Summary": "ResizeArray module lacks an ofSeq function.",
    "Type": {
      "Name": "Issue",
      "Id": 3
    },
    "VoteCount": 2,
    "Id": 4053
  },
  "FileAttachments": [],
  "Comments": []
}