{
  "WorkItem": {
    "AffectedComponent": {
      "Name": "",
      "DisplayName": ""
    },
    "ClosedComment": "",
    "ClosedDate": null,
    "CommentCount": 0,
    "Custom": null,
    "Description": "Hi,\n \nI have a F# project with a fslex and fsyacc file. With Version 1.9.9.9 it builds fine.\nThe PowerPack bin directory is not listed in the PATH.\n \nUpgrading to 2.0.0.0 the fslex and fsyacc binaries are searched in the wrong place and not found.\nEven changing the PATH variable to contain the PowerPack bin directory does not solve this problem.\n \nThe resulting error code is:\n \nC:\\Program Files\\MSBuild\\FSharp\\1.0\\FSharp.PowerPack.Targets(32,3): Fehler MSB6004: Der Speicherort \"C:\\Program Files\\Microsoft Visual Studio 10.0\\Common7\\IDE\\fslex.exe\" der angegebenen ausführbaren Datei der Aufgabe ist ungültig.\n \nAfter downgrading to 1.9.9.9 the build works flawlessly again.\n \nThanks for the support,\nVince",
    "LastUpdatedDate": "2016-01-31T06:00:21.867-08:00",
    "PlannedForRelease": "",
    "ReleaseVisibleToPublic": false,
    "Priority": {
      "Name": "High",
      "Severity": 150,
      "Id": 3
    },
    "ProjectName": "fsharppowerpack",
    "ReportedDate": "2010-05-25T06:25:16.33-07:00",
    "Status": {
      "Name": "Resolved",
      "Id": 7
    },
    "ReasonClosed": {
      "Name": "Unassigned"
    },
    "Summary": "Version 2.0.0.0 breaks fslex/fsyacc build in VS2010",
    "Type": {
      "Name": "Issue",
      "Id": 3
    },
    "VoteCount": 3,
    "Id": 4548
  },
  "FileAttachments": [],
  "Comments": [
    {
      "Message": "Hi Vince,\r\nit is indeed a bug in 2.0.0.0 release (I forgot to update a version number in FSharp.PowerPack\\CompilerLocationUtil.fs).  \r\nAs a workaround, you can add a HKEY_LOCAL_MACHINE\\SOFTWARE\\Microsoft\\.NETFramework\\AssemblyFolders\\FSharp.PowerPack-1.9.9.9 key with a default value pointing to PowerPack 2.0.0.0 installation (C:\\Program Files (x86)\\FSharpPowerPack-2.0.0.0\\bin).\r\n\r\nSorry for the inconvenience,\r\nHope this helps,\r\nDmitry",
      "PostedDate": "2010-05-25T08:57:46.307-07:00",
      "Id": -2147483648
    },
    {
      "Message": "",
      "PostedDate": "2010-05-25T08:59:03.523-07:00",
      "Id": -2147483648
    },
    {
      "Message": "",
      "PostedDate": "2010-05-25T12:15:37.903-07:00",
      "Id": -2147483648
    },
    {
      "Message": "I can't install 1.9.9.9 next to 2.0.0.0. Is there a fix if you just have 2.0.0.0?",
      "PostedDate": "2010-05-25T12:16:28.857-07:00",
      "Id": -2147483648
    },
    {
      "Message": "Just install 2.0.0.0 and modify the registry",
      "PostedDate": "2010-05-25T18:43:08.887-07:00",
      "Id": -2147483648
    },
    {
      "Message": "I reinstalled 2.0.0.0 and modified the registry but still get the error:\r\n\r\n------ Rebuild All started: Project: Naga, Configuration: Debug x86 ------\r\n\t\t-o NagaLexer.fs --unicode  NagaLexer.fsl\r\nC:\\Program Files\\MSBuild\\FSharp\\1.0\\FSharp.PowerPack.Targets(32,3): error MSB6004: The specified task executable location \"C:\\Program Files\\Microsoft Visual Studio 10.0\\Common7\\IDE\\fslex.exe\" is invalid.\r\nDone building project \"Naga.fsproj\" -- FAILED.",
      "PostedDate": "2010-05-26T14:16:50.293-07:00",
      "Id": -2147483648
    },
    {
      "Message": "I have written a PowerShell script that does the patch:\r\n\r\n# Run this after installation of F# PowerPack 2.0.0.0\r\n$path = 'HKLM:\\SOFTWARE\\Microsoft\\.NETFramework\\AssemblyFolders\\FSharp.PowerPack-1.9.9.9'\r\n$null = New-Item $path -Force\r\n$bin = (Get-ItemProperty 'HKLM:\\SOFTWARE\\Microsoft\\.NETFramework\\AssemblyFolders\\FSharp.PowerPack-2.0.0.0').'(default)'\r\nSet-ItemProperty $path '(default)' $bin\r\n",
      "PostedDate": "2010-05-27T11:06:27.05-07:00",
      "Id": -2147483648
    },
    {
      "Message": "",
      "PostedDate": "2010-05-27T11:07:48.103-07:00",
      "Id": -2147483648
    },
    {
      "Message": "Folks,\r\nI have updated 2.0.0.0 build with this a fix to this.\r\n\r\nThanks,\r\nDmitry",
      "PostedDate": "2010-05-30T14:02:43.927-07:00",
      "Id": -2147483648
    },
    {
      "Message": "",
      "PostedDate": "2010-05-30T14:03:31.157-07:00",
      "Id": -2147483648
    },
    {
      "Message": "",
      "PostedDate": "2011-03-21T15:23:11.923-07:00",
      "Id": -2147483648
    },
    {
      "Message": "If the correct answer is that I need to move a DLL from the F# SDK (on Windows), that is fine. But I'd like to know whether anyone else has tried this and discovered any other important dependencies to make the PowerPack work in general.  <a href=\"http://www.realdissertationwriting.com/\" rel=\"dofollow\">dissertation help</a> | <a href=\"http://www.realassignmentwriting.com/\" rel=\"dofollow\">assignment help</a> | <a href=\"http://www.realessaywriting.com/\" rel=\"dofollow\">essay help</a>\r\n",
      "PostedDate": "2011-04-09T03:29:06.163-07:00",
      "Id": -2147483648
    },
    {
      "Message": "",
      "PostedDate": "2013-02-21T16:25:04.55-08:00",
      "Id": -2147483648
    },
    {
      "Message": "I update it, and my problem is solve.\r\n\r\nMy page : [essay writing](http://www.essaywritingservice.com.au/)\n                [essay writing service](http://www.essaywritingservice.com.au/2012/08/20/essay-writing-brisbane-solutions/)\n                [assignment writing](http://www.essaywritingservice.com.au/2012/12/01/learn-how-to-improve-your-assignment-writing/)\n                [assignment help](http://www.essaywritingservice.com.au/2012/12/19/improve-your-grades-with-the-online-assignment-help/)",
      "PostedDate": "2013-04-09T02:27:37.097-07:00",
      "Id": -2147483648
    },
    {
      "Message": "",
      "PostedDate": "2013-05-16T03:44:23.823-07:00",
      "Id": -2147483648
    },
    {
      "Message": "",
      "PostedDate": "2013-05-16T03:44:23.967-07:00",
      "Id": -2147483648
    },
    {
      "Message": "",
      "PostedDate": "2013-06-14T00:24:32.637-07:00",
      "Id": -2147483648
    },
    {
      "Message": "Very useful post.. I hope you will continue your same best work and we will get more informative post which can helpful to us.   [assignment writers](http://www.assignmentgeek.co.uk/)",
      "PostedDate": "2015-08-21T09:49:50.897-07:00",
      "Id": -2147483648
    },
    {
      "Message": "These plans to improving basic explanation of codeplex and explored the benefits, opportunities and challenges facing municipalities in using it.  The development and transit planning in according to well in desire goals. [dissertation writers](http://www.peakdissertation.co.uk/)\n",
      "PostedDate": "2015-09-30T03:48:50.987-07:00",
      "Id": -2147483648
    },
    {
      "Message": "We can assure you one thing that the [steam wallet codes](http://free-steamwalletcodes.com/) available at the website are genuine and can be used in place of gift cards at the store.",
      "PostedDate": "2016-01-31T06:00:21.867-08:00",
      "Id": -2147483648
    }
  ]
}