{
  "WorkItem": {
    "AffectedComponent": {
      "Name": "",
      "DisplayName": ""
    },
    "ClosedComment": "",
    "ClosedDate": null,
    "CommentCount": 0,
    "Custom": null,
    "Description": "When using the CodeDomCompiler to compile multiple source strings (by calling CodeDomCompiler.CompileAssemblyFromSource with more than one source string) the compiler raises an ArgumentException: The file name '[...]\\Temp\\mwa14bzi.fs' was already in the collection.\n\nThis is due to a bug in FSharp.Compiler.CodeDom/codeprovider.fs, in the method FSharpCodeCompiler.CompileAssemblyFromSourceBatch in the fragment\n\n                  let files = sources |> Array.map ( fun src -> \n                      let fn = res.TempFiles.AddExtension(\"fs\", false)\n                      use wr = new StreamWriter(fn)\n                      wr.Write(src) \n                      fn)\n\nThis will fail given multiple input sources, since re.TempFiles.AddExtension will return the same name for the a given extension every time - it does not generate new names on every call as the function author presumable expected. (See http://msdn.microsoft.com/en-us/library/84y8d5dc.aspx).",
    "LastUpdatedDate": "2016-07-11T22:26:43.687-07:00",
    "PlannedForRelease": "",
    "ReleaseVisibleToPublic": false,
    "Priority": {
      "Name": "Low",
      "Severity": 50,
      "Id": 1
    },
    "ProjectName": "fsharppowerpack",
    "ReportedDate": "2012-11-29T15:02:36.363-08:00",
    "Status": {
      "Name": "Proposed",
      "Id": 1
    },
    "ReasonClosed": {
      "Name": "Unassigned"
    },
    "Summary": "Bug in CodeDomCompiler when compiling multiple source strings",
    "Type": {
      "Name": "Issue",
      "Id": 3
    },
    "VoteCount": 3,
    "Id": 7214
  },
  "FileAttachments": [],
  "Comments": [
    {
      "Message": "I've also suffer because of that issue.  CSharp code dom provider uses for to generate temp file for each source file. but this code doesn't do it.\r\n\r\nAs for me it's not a Low issue.\r\n\r\nPlease, fix it.",
      "PostedDate": "2014-01-09T06:42:11.843-08:00",
      "Id": -2147483648
    },
    {
      "Message": "",
      "PostedDate": "2014-01-09T06:42:43.32-08:00",
      "Id": -2147483648
    },
    {
      "Message": "",
      "PostedDate": "2014-01-09T06:45:47.013-08:00",
      "Id": -2147483648
    },
    {
      "Message": "The website can be giving iTunes codes that we can now generate [free iTunes codes](http://freeitunescodesncard.com) online so that we can get free code generators with such tool.",
      "PostedDate": "2016-04-14T22:31:54.203-07:00",
      "Id": -2147483648
    },
    {
      "Message": "Composing service are accessible in both online and disconnected from the net. To expend the time the greater part of us favor [best essay writing service](http://bestessaywritingservice.co/) . Be that as it may, everybody ought to think before selecting request an essay through on the web.",
      "PostedDate": "2016-07-11T22:26:43.687-07:00",
      "Id": -2147483648
    }
  ]
}