{
  "WorkItem": {
    "AffectedComponent": {
      "Name": "",
      "DisplayName": ""
    },
    "ClosedComment": "Closing old suggestions since the PowerPack functionality in this drop of the PowerPack will not be expanded from this point.\n\nSome requests for changes in functionality are also being closed for the same reason. \n\nNew functionality can be discussed in the versions of this code on GitHub:\n\n    http://github.com/fsharp/fsharpx\n    http://github.com/fsharp/powerpack\n\nand the Math.NET F# support, for Matrix functionality.",
    "ClosedDate": "2013-05-29T07:28:35.063-07:00",
    "CommentCount": 0,
    "Custom": null,
    "Description": "Hi,\n \nI would like to find out if there is a particular reason why Microsoft.FSharp.Text.ArgParser.Parse doesn't return the matched args, there is no way currently to determine which args are matched. When specifying an arg which takes function it is possible to determine that the arg was matched, but not for the other ArgInfo types.\n \nWould it be inconsistent with the original design goals if the Parse function were to return a string list specifying the matches?\n \nRegards,\nHuw",
    "LastUpdatedDate": "2013-05-29T07:28:35.063-07:00",
    "PlannedForRelease": "",
    "ReleaseVisibleToPublic": false,
    "Priority": {
      "Name": "Low",
      "Severity": 50,
      "Id": 1
    },
    "ProjectName": "fsharppowerpack",
    "ReportedDate": "2010-08-10T22:47:59.723-07:00",
    "Status": {
      "Name": "Closed",
      "Id": 4
    },
    "ReasonClosed": {
      "Name": "External"
    },
    "Summary": "Microsoft.FSharp.Text.ArgParser.Parse does not return the matched args",
    "Type": {
      "Name": "Issue",
      "Id": 3
    },
    "VoteCount": 1,
    "Id": 5015
  },
  "FileAttachments": [],
  "Comments": []
}