{
  "WorkItem": {
    "AffectedComponent": {
      "Name": "",
      "DisplayName": ""
    },
    "ClosedComment": "Closing old suggestions since the PowerPack functionality in this drop of the PowerPack will not be expanded from this point.\n\nSome requests for changes in functionality are also being closed for the same reason. \n\nNew functionality can be discussed in the versions of this code on GitHub:\n\n    http://github.com/fsharp/fsharpx\n    http://github.com/fsharp/powerpack\n\nand the Math.NET F# support, for Matrix functionality.",
    "ClosedDate": "2013-05-29T07:28:34.32-07:00",
    "CommentCount": 0,
    "Custom": null,
    "Description": "The only way to check that assembly is indeed FSharpAssembly is by catching as exception from FromAssembly call, which is ugly:\n#r \"FSharp.PowerPack.Metadata.dll\"\nopen Microsoft.FSharp.Metadata\n \nlet tYes = typeof<Microsoft.FSharp.Reflection.UnionCaseInfo>\nlet fshAsmYes = Microsoft.FSharp.Metadata.FSharpAssembly.FromAssembly(tYes.Assembly)\n// will succeed\n \nlet tNo = typeof<int>\nlet fshAsmNo = FSharpAssembly.FromAssembly(tNo.Assembly)  \n// will throw with: System.ArgumentException: could not produce an FSharpAssembly object for the assembly 'mscorlib' because this is not an F# assembly",
    "LastUpdatedDate": "2013-05-29T07:28:34.32-07:00",
    "PlannedForRelease": "",
    "ReleaseVisibleToPublic": false,
    "Priority": {
      "Name": "Medium",
      "Severity": 100,
      "Id": 2
    },
    "ProjectName": "fsharppowerpack",
    "ReportedDate": "2010-06-29T17:01:07.637-07:00",
    "Status": {
      "Name": "Closed",
      "Id": 4
    },
    "ReasonClosed": {
      "Name": "External"
    },
    "Summary": "Provide IsFSharpAssembly method in FSharp.Metadata.FSharpAssembly",
    "Type": {
      "Name": "Feature",
      "Id": 1
    },
    "VoteCount": 2,
    "Id": 4711
  },
  "FileAttachments": [],
  "Comments": [
    {
      "Message": "FromAssembly should return an option (None if non-FSharp assembly)",
      "PostedDate": "2010-06-29T17:07:49.62-07:00",
      "Id": -2147483648
    },
    {
      "Message": "",
      "PostedDate": "2010-06-29T17:07:54.033-07:00",
      "Id": -2147483648
    },
    {
      "Message": "",
      "PostedDate": "2011-03-21T15:23:15.86-07:00",
      "Id": -2147483648
    },
    {
      "Message": "",
      "PostedDate": "2013-02-21T16:25:03.103-08:00",
      "Id": -2147483648
    },
    {
      "Message": "",
      "PostedDate": "2013-05-29T07:28:34.32-07:00",
      "Id": -2147483648
    }
  ]
}