{
  "WorkItem": {
    "AffectedComponent": {
      "Name": "",
      "DisplayName": ""
    },
    "ClosedComment": "",
    "ClosedDate": null,
    "CommentCount": 0,
    "Custom": null,
    "Description": "Hi\n\nF# code is very dull. Only keywords strings and comments are highlighted\nIt would be great to have configurable coloring to highlight pattern matching, class names vs function names, quotations etc.\n\nThanks for the great work so far",
    "LastUpdatedDate": "2017-07-10T05:25:27.023-07:00",
    "PlannedForRelease": "",
    "ReleaseVisibleToPublic": false,
    "Priority": {
      "Name": "Unassigned",
      "Severity": 0,
      "Id": 0
    },
    "ProjectName": "fsharppowerpack",
    "ReportedDate": "2014-02-25T11:37:52.487-08:00",
    "Status": {
      "Name": "Proposed",
      "Id": 1
    },
    "ReasonClosed": {
      "Name": "Unassigned"
    },
    "Summary": "Coloring for different syntactic constructs",
    "Type": {
      "Name": "Unassigned",
      "Id": 5
    },
    "VoteCount": 1,
    "Id": 7774
  },
  "FileAttachments": [],
  "Comments": [
    {
      "Message": "F# programming language is new for me we only use C++ in [HRM Dissertation Service](http://www.Dissertationhouse.co.uk/) it is very easy for me, actually my student was asking about F# programming that’s why I am here to search.",
      "PostedDate": "2016-05-09T02:58:10.757-07:00",
      "Id": -2147483648
    },
    {
      "Message": "I have also heard that as this is new language so most of people have not adopted it yet. However, C++ and PHP as well as .NET framework are the most supported languages even there are some [dissertation writing services](https://www.theacademicpapers.co.uk/dissertation-writing-services-uk.php) companies that are using these languages.",
      "PostedDate": "2017-07-10T05:25:27.023-07:00",
      "Id": -2147483648
    }
  ]
}