{
  "WorkItem": {
    "AffectedComponent": {
      "Name": "",
      "DisplayName": ""
    },
    "ClosedComment": "Closing old suggestions since the PowerPack functionality in this drop of the PowerPack will not be expanded from this point.\n\nSome requests for changes in functionality are also being closed for the same reason. \n\nNew functionality can be discussed in the versions of this code on GitHub:\n\n    http://github.com/fsharp/fsharpx\n    http://github.com/fsharp/powerpack\n\nand the Math.NET F# support, for Matrix functionality.",
    "ClosedDate": "2013-05-29T07:28:27.21-07:00",
    "CommentCount": 0,
    "Custom": null,
    "Description": "Add FsLex\\FsYacc project template to powerpack as an example on what to add to the fsproj file.",
    "LastUpdatedDate": "2013-05-29T07:28:27.21-07:00",
    "PlannedForRelease": "",
    "ReleaseVisibleToPublic": false,
    "Priority": {
      "Name": "Medium",
      "Severity": 100,
      "Id": 2
    },
    "ProjectName": "fsharppowerpack",
    "ReportedDate": "2010-02-15T00:49:09.897-08:00",
    "Status": {
      "Name": "Closed",
      "Id": 4
    },
    "ReasonClosed": {
      "Name": "External"
    },
    "Summary": "Add FsLex\\FsYacc project template to powerpack",
    "Type": {
      "Name": "Feature",
      "Id": 1
    },
    "VoteCount": 9,
    "Id": 3949
  },
  "FileAttachments": [],
  "Comments": [
    {
      "Message": "There is a template online, it is referred to in the documentation, http://visualstudiogallery.msdn.microsoft.com/a075ff98-7e6f-47ce-a23c-838c1e488046/\r\n",
      "PostedDate": "2012-07-23T07:08:54.453-07:00",
      "Id": -2147483648
    },
    {
      "Message": "",
      "PostedDate": "2013-02-21T16:25:08.42-08:00",
      "Id": -2147483648
    },
    {
      "Message": "",
      "PostedDate": "2013-05-29T07:28:27.21-07:00",
      "Id": -2147483648
    }
  ]
}