{
  "WorkItem": {
    "AffectedComponent": {
      "Name": "",
      "DisplayName": ""
    },
    "ClosedComment": "Closing old suggestions since the PowerPack functionality in this drop of the PowerPack will not be expanded from this point.\n\nSome requests for changes in functionality are also being closed for the same reason. \n\nNew functionality can be discussed in the versions of this code on GitHub:\n\n    http://github.com/fsharp/fsharpx\n    http://github.com/fsharp/powerpack\n\nand the Math.NET F# support, for Matrix functionality.",
    "ClosedDate": "2013-05-29T07:28:46.337-07:00",
    "CommentCount": 0,
    "Custom": null,
    "Description": "Powerpack is compiled for .Net 2.0 only. As a result following snippet compiled under .Net 4.0  fails with TypeInitializationException:\n \nlet () = Microsoft.FSharp.Text.ArgParser.Usage([])\n \n[<EntryPoint>] let main _ = 0\n \nUnhandled Exception: System.TypeInitializationException: The type initializer for '<StartupCode$ConsoleApplication1>.$Pr\nogram' threw an exception. ---> System.MissingMethodException: Method not found: 'Void Microsoft.FSharp.Text.ArgParser.U\nsage(System.Collections.Generic.IEnumerable`1<Microsoft.FSharp.Text.ArgInfo>, Microsoft.FSharp.Core.FSharpOption`1<Syste\nm.String>)'.\n   at <StartupCode$ConsoleApplication1>.$Program..cctor()\n \nSame code works just fine with 2.0 as a target framework.",
    "LastUpdatedDate": "2013-05-29T07:28:46.337-07:00",
    "PlannedForRelease": "",
    "ReleaseVisibleToPublic": false,
    "Priority": {
      "Name": "Low",
      "Severity": 50,
      "Id": 1
    },
    "ProjectName": "fsharppowerpack",
    "ReportedDate": "2011-02-07T12:23:50.863-08:00",
    "Status": {
      "Name": "Closed",
      "Id": 4
    },
    "ReasonClosed": {
      "Name": "External"
    },
    "Summary": "TypeInitializationException when using Microsoft.FSharp.Text.ArgParser under .NET 4",
    "Type": {
      "Name": "Issue",
      "Id": 3
    },
    "VoteCount": 2,
    "Id": 5744
  },
  "FileAttachments": [
    {
      "FileId": 1960,
      "FileName": "ArgTest.zip",
      "DownloadUrl": ".\\1960"
    }
  ],
  "Comments": []
}