{
  "WorkItem": {
    "AffectedComponent": {
      "Name": "",
      "DisplayName": ""
    },
    "ClosedComment": "Closing old suggestions since the PowerPack functionality in this drop of the PowerPack will not be expanded from this point.\n\nSome requests for changes in functionality are also being closed for the same reason. \n\nNew functionality can be discussed in the versions of this code on GitHub:\n\n    http://github.com/fsharp/fsharpx\n    http://github.com/fsharp/powerpack\n\nand the Math.NET F# support, for Matrix functionality.",
    "ClosedDate": "2013-05-29T07:28:42.417-07:00",
    "CommentCount": 0,
    "Custom": null,
    "Description": "Hi,\n \nWhen I try to create a new project (FParsedLanguageStarter1) I get an error: ...C:\\Program Files (x86)\\FSharpPowerPack-2.0.0.0\\bin\\FSharp.PowerPack.targets was not found ...(see screenshot.)\n \nhelpinfo:\nMicrosoft Visual F# 2010   01019-532-2002102-70084\nMicrosoft Visual Studio Version 10.0.30319.1 RTMRel\n \nregards,\nDwight",
    "LastUpdatedDate": "2013-05-29T07:28:42.417-07:00",
    "PlannedForRelease": "",
    "ReleaseVisibleToPublic": false,
    "Priority": {
      "Name": "Low",
      "Severity": 50,
      "Id": 1
    },
    "ProjectName": "fsharppowerpack",
    "ReportedDate": "2010-09-24T02:35:22.78-07:00",
    "Status": {
      "Name": "Closed",
      "Id": 4
    },
    "ReasonClosed": {
      "Name": "External"
    },
    "Summary": "VS2010 FSharp.PowerPack.targets was not found",
    "Type": {
      "Name": "Issue",
      "Id": 3
    },
    "VoteCount": 2,
    "Id": 5196
  },
  "FileAttachments": [
    {
      "FileId": 1780,
      "FileName": "error.jpg",
      "DownloadUrl": ".\\1780"
    }
  ],
  "Comments": [
    {
      "Message": "I uninstalled F#Powerpack and I saw it was version 1.9.9.9. Today I reinstalled Powerpack to 2.0.0.0. The error does not occur any longer. The F# lexer does not work with version 1.9.9.9.\r\n\r\nSo this error is not a issue (for me).\r\n\r\nregards,\r\nDwight",
      "PostedDate": "2010-11-12T06:43:26.727-08:00",
      "Id": -2147483648
    },
    {
      "Message": "",
      "PostedDate": "2013-02-21T16:24:59.68-08:00",
      "Id": -2147483648
    },
    {
      "Message": "",
      "PostedDate": "2013-05-29T07:28:42.417-07:00",
      "Id": -2147483648
    }
  ]
}