{
  "WorkItem": {
    "AffectedComponent": {
      "Name": "",
      "DisplayName": ""
    },
    "ClosedComment": "",
    "ClosedDate": null,
    "CommentCount": 0,
    "Custom": null,
    "Description": "#r @\"C:\\Program Files\\FSharpPowerPack-1.9.9.9\\bin\\FSharp.PowerPack.Parallel.Seq.dll\"\n \nopen Microsoft.FSharp.Collections       // <-- Why Do I need this???\n \n[for i in 1..1000000 -> [i]] |> PSeq.concat",
    "LastUpdatedDate": "2013-02-21T16:25:04.9-08:00",
    "PlannedForRelease": "",
    "ReleaseVisibleToPublic": false,
    "Priority": {
      "Name": "Medium",
      "Severity": 100,
      "Id": 2
    },
    "ProjectName": "fsharppowerpack",
    "ReportedDate": "2010-05-12T15:17:43.107-07:00",
    "Status": {
      "Name": "Active",
      "Id": 2
    },
    "ReasonClosed": {
      "Name": "Unassigned"
    },
    "Summary": "Consider adding an AutoOpen attribute to FSharp.PowerPack.Parallel.Seq assembly to make PSeq more visible to LanguageService",
    "Type": {
      "Name": "Issue",
      "Id": 3
    },
    "VoteCount": 4,
    "Id": 4489
  },
  "FileAttachments": [],
  "Comments": []
}