{
  "WorkItem": {
    "AffectedComponent": {
      "Name": "",
      "DisplayName": ""
    },
    "ClosedComment": "Closing old suggestions since the PowerPack functionality in this drop of the PowerPack will not be expanded from this point.\n\nSome requests for changes in functionality are also being closed for the same reason. \n\nNew functionality can be discussed in the versions of this code on GitHub:\n\n    http://github.com/fsharp/fsharpx\n    http://github.com/fsharp/powerpack\n\nand the Math.NET F# support, for Matrix functionality.",
    "ClosedDate": "2013-05-29T07:28:37.693-07:00",
    "CommentCount": 0,
    "Custom": null,
    "Description": "Opened by lukeh (Bug 3332 - FSharp 1.0)\nThis was raised by Marc Jacobs and Daniel Simon at Lab49.\n \nI've been told that the design of the library was to make RowVector minimal, and to use transpose in and out of Vectors instead.  This seems a little unneceesary though - so we should consider aligning these APIs.",
    "LastUpdatedDate": "2013-05-29T07:28:37.693-07:00",
    "PlannedForRelease": "",
    "ReleaseVisibleToPublic": false,
    "Priority": {
      "Name": "Low",
      "Severity": 50,
      "Id": 1
    },
    "ProjectName": "fsharppowerpack",
    "ReportedDate": "2010-08-31T21:14:40.437-07:00",
    "Status": {
      "Name": "Closed",
      "Id": 4
    },
    "ReasonClosed": {
      "Name": "External"
    },
    "Summary": "Suggestion: Make the RowVector module have the same API as the Vector module",
    "Type": {
      "Name": "Issue",
      "Id": 3
    },
    "VoteCount": 1,
    "Id": 5097
  },
  "FileAttachments": [],
  "Comments": []
}