{
  "WorkItem": {
    "AffectedComponent": {
      "Name": "",
      "DisplayName": ""
    },
    "ClosedComment": "",
    "ClosedDate": null,
    "CommentCount": 0,
    "Custom": null,
    "Description": "open FSharp.PowerPack.Metadata\n \nmodule Main = \n \n  let tryFindInAssembly name (assembly:FSharpAssembly) =\n      Seq.collect (fun (entities:FSharpEntity) -> entities.MembersOrValues ) assembly.Entities\n      |> Seq.tryFind (fun memberOrValue -> memberOrValue.DisplayName = name)\n \n  let findAndDisplay name =\n      let valArray2D = tryFindInAssembly name FSharp.PowerPack.Metadata.FSharpAssembly.FSharpLibrary\n \n      match valArray2D with\n      | Some (value) -> printfn \"Name: %s.%s\" value.EnclosingEntity.DisplayName value.DisplayName\n                        Seq.iter (fun (elem:FSharpGenericParameter) -> printfn \"Generic param: %s\" elem.Name) value.GenericParameters\n                        \n      | None -> printfn \"%s not found.\" name\n      printfn \"\"\n \n  findAndDisplay \"dict\"\n  findAndDisplay \"printf\"\n  findAndDisplay \"array2D\"\n \nWhen executed, this produces:\n \nName: ExtraTopLevelOperators.dict\nGeneric param: Key\nGeneric param: Value\n \nName: Printf.printf\nGeneric param: T\n \nName: ExtraTopLevelOperators.array2D\nGeneric param: ?2696\nGeneric param: T\n \nExpected: Instead of ?2696, it should display #seq<'T> I think",
    "LastUpdatedDate": "2016-05-17T22:43:43.733-07:00",
    "PlannedForRelease": "",
    "ReleaseVisibleToPublic": false,
    "Priority": {
      "Name": "Low",
      "Severity": 50,
      "Id": 1
    },
    "ProjectName": "fsharppowerpack",
    "ReportedDate": "2010-08-31T21:24:42.71-07:00",
    "Status": {
      "Name": "Proposed",
      "Id": 1
    },
    "ReasonClosed": {
      "Name": "Unassigned"
    },
    "Summary": "Bug: Metadata API: problem with flexible types",
    "Type": {
      "Name": "Issue",
      "Id": 3
    },
    "VoteCount": 1,
    "Id": 5105
  },
  "FileAttachments": [],
  "Comments": [
    {
      "Message": "Keeping in mind the end goal to make a fitting arrangement of metadata for this engineering, the last result should contain an exhaustive scope of qualities that can address each of these required strides, whether calling the examining API or the information API. [dissertation assistance | DissertationTime](http://www.dissertationtime.co.uk). So as to show this point, here is a one next to the other correlation of a delta show and the relating delta record.",
      "PostedDate": "2016-05-17T22:43:43.733-07:00",
      "Id": -2147483648
    }
  ]
}