{
  "WorkItem": {
    "AffectedComponent": {
      "Name": "",
      "DisplayName": ""
    },
    "ClosedComment": "See F# 3.0 for Entity Framework support and LINQ queries. The power pack support will not be updated further",
    "ClosedDate": "2013-05-24T09:26:55.73-07:00",
    "CommentCount": 0,
    "Custom": null,
    "Description": "Although the Linq mechanism partially works for query-transformed expressions targeting Entity Framework models, interaction with ObjectQuery<'T>, ObjectSet<'T>, and EntityCollection<'T>, amoung others is exception prone and confusing.\n \nExplicit support for EF in the near-term would be a far-sighted decision.",
    "LastUpdatedDate": "2013-05-24T09:26:56.32-07:00",
    "PlannedForRelease": "",
    "ReleaseVisibleToPublic": false,
    "Priority": {
      "Name": "Low",
      "Severity": 50,
      "Id": 1
    },
    "ProjectName": "fsharppowerpack",
    "ReportedDate": "2010-10-24T13:33:15.92-07:00",
    "Status": {
      "Name": "Closed",
      "Id": 4
    },
    "ReasonClosed": {
      "Name": "By Design"
    },
    "Summary": "Explicit support for Entity Framework in Powerpack.Linq",
    "Type": {
      "Name": "Issue",
      "Id": 3
    },
    "VoteCount": 1,
    "Id": 5344
  },
  "FileAttachments": [],
  "Comments": []
}