{
  "WorkItem": {
    "AffectedComponent": {
      "Name": "",
      "DisplayName": ""
    },
    "ClosedComment": "",
    "ClosedDate": null,
    "CommentCount": 0,
    "Custom": null,
    "Description": "1)    let userRolesInGroup (group : Group) = query <@ seq{ for u in dataCtx.Users do\n                                                            if u.Id = user.Id then\n                                                                for role in dataCtx.Roles do\n                                                                    if role.GroupId = group.Id && role.Users.Contains(u) then\n                                                                        yield role} @>\n \nthrow \n \nSystem.Collections.Generic.KeyNotFoundException: The given key was not present in the dictionary.\n   at Microsoft.FSharp.Collections.MapTreeModule.find[TValue,a](IComparer`1 comparer, TValue k, MapTree`2 m)\n   at Microsoft.FSharp.Linq.QuotationEvaluation.ConvObjArg(FSharpMap`2 env, FSharpOption`1 objOpt, FSharpOption`1 coerceTo)\n   at Microsoft.FSharp.Linq.QuotationEvaluation.ConvExpr(FSharpMap`2 env, FSharpExpr inp)\n   at Microsoft.FSharp.Linq.QuotationEvaluation.ConvObjArg(FSharpMap`2 env, FSharpOption`1 objOpt, FSharpOption`1 coerceTo)\n   at Microsoft.FSharp.Linq.QuotationEvaluation.ConvExpr(FSharpMap`2 env, FSharpExpr inp)\n   at Microsoft.FSharp.Primitives.Basics.List.map[T,TResult](FSharpFunc`2 mapping, FSharpList`1 x)\n   at Microsoft.FSharp.Linq.QuotationEvaluation.ConvExprs(FSharpMap`2 env, FSharpList`1 es)\n   at Microsoft.FSharp.Linq.QuotationEvaluation.ConvExpr(FSharpMap`2 env, FSharpExpr inp)\n   at Microsoft.FSharp.Primitives.Basics.List.map[T,TResult](FSharpFunc`2 mapping, FSharpList`1 x)\n   at Microsoft.FSharp.Linq.QuotationEvaluation.ConvExprs(FSharpMap`2 env, FSharpList`1 es)\n   at Microsoft.FSharp.Linq.QuotationEvaluation.ConvExpr(FSharpMap`2 env, FSharpExpr inp)\n   at Microsoft.FSharp.Linq.QuotationEvaluation.ConvExpr(FSharpMap`2 env, FSharpExpr inp)\n   at Microsoft.FSharp.Linq.QuotationEvaluation.Compile[a](a e)\n   at Microsoft.FSharp.Linq.QuotationEvaluation.Expr.EvalUntyped(FSharpExpr )\n   at Microsoft.FSharp.Linq.QueryModule.query[T](FSharpExpr`1 p)\n \nWhy exception? Should be null or None Value.\n \n2) \n \n    let userRolesInGroup (group : Group) = query <@ seq{ for u in dataCtx.Users do\n                                                            if u.Id = user.Id then\n                                                                for role in u.Roles do\n                                                                    if role.GroupId = group.Id then\n                                                                        yield role} @>\n \nthrow\nSystem.Exception: The following construct was used in query but is not recognised by the F#-to-LINQ query translator:\nPropertyGet (Some (u),\n             System.Data.Objects.DataClasses.EntityCollection`1[DevGroups.Domain.Role] Roles,\n             [])\nThis is not a valid query expression. Check the specification of permitted queries and consider moving some of the query out of the quotation\n   at Microsoft.FSharp.Linq.QueryModule.TransInner@639-4.Invoke(String message)\n   at Microsoft.FSharp.Core.PrintfImpl.go@512-3[b,c,d](String fmt, Int32 len, FSharpFunc`2 outputChar, FSharpFunc`2 outa, b os, FSharpFunc`2 finalize, FSharpList`1 args, Int32 i)\n   at Microsoft.FSharp.Core.PrintfImpl.run@510[b,c,d](FSharpFunc`2 initialize, String fmt, Int32 len, FSharpList`1 args)\n   at <StartupCode$FSharp-Core>.$Reflect.Invoke@617-4.Invoke(T1 inp)\n   at Microsoft.FSharp.Linq.QueryModule.TransInner@496(FSharpExpr tm)\n   at Microsoft.FSharp.Linq.QueryModule.TransMapConcatSelector@505(Type targetTy, Type srcTy, FSharpExpr sq, FSharpVar selectorVar, FSharpExpr t)\n   at Microsoft.FSharp.Linq.QueryModule.TransMapConcatSelector@505(Type targetTy, Type srcTy, FSharpExpr sq, FSharpVar selectorVar, FSharpExpr t)\n   at Microsoft.FSharp.Linq.QueryModule.EvalOuterWithPostProcess@643(FSharpExpr tm)\n   at Microsoft.FSharp.Linq.QueryModule.query[T](FSharpExpr`1 p)",
    "LastUpdatedDate": "2013-02-21T16:25:05.29-08:00",
    "PlannedForRelease": "",
    "ReleaseVisibleToPublic": false,
    "Priority": {
      "Name": "Medium",
      "Severity": 100,
      "Id": 2
    },
    "ProjectName": "fsharppowerpack",
    "ReportedDate": "2010-05-11T16:26:02.11-07:00",
    "Status": {
      "Name": "Active",
      "Id": 2
    },
    "ReasonClosed": {
      "Name": "Unassigned"
    },
    "Summary": "Support property-based joins in Linq queries",
    "Type": {
      "Name": "Issue",
      "Id": 3
    },
    "VoteCount": 3,
    "Id": 4481
  },
  "FileAttachments": [],
  "Comments": [
    {
      "Message": "Thank you for the bug report!\r\nThe underlying issue is missing support for property access on interation variable.\r\nRecasting the second example in Northwnd terms, for easier testing:\r\nlet db = new NW.Northwnd()\r\ndb.Log <- System.Console.Out\r\nlet userRolesInGroup (customer :NW.Customers) (order : NW.Orders) = \r\n    query <@ seq{ for c in db.Customers do\r\n                    if c.CustomerID = customer.CustomerID then\r\n                        for o in c.Orders do\r\n                            if o.OrderID = order.OrderID then\r\n                                yield o} @>\r\n\r\nlet [c] = query <@ seq { for c in db.Customers do yield c } |> Seq.take 1 |> Seq.toList @>\r\nlet [o] = query <@ seq { for o in db.Orders do yield o } |> Seq.take 1 |> Seq.toList @>\r\n\r\nuserRolesInGroup c o\r\n",
      "PostedDate": "2010-05-12T10:15:31.06-07:00",
      "Id": -2147483648
    },
    {
      "Message": "Also, as a workaround, you can use plain old SQL joins to achieve the same effect with current implementation:\r\nlet userRolesInGroup1 (customer :NW.Customers) (order : NW.Orders) = \r\n    query <@ seq{ for c in db.Customers do\r\n                    if c.CustomerID = customer.CustomerID then\r\n                        for o in db.Orders do\r\n                            if o.OrderID = order.OrderID then\r\n                                if o.CustomerID = c.CustomerID  then\r\n                                    yield o} @>\r\nYou get a very decent SQL out of the above:\r\nSELECT [t1].[OrderID], [t1].[CustomerID], [t1].[EmployeeID], [t1].[OrderDate], [t1].[RequiredDate], [t1].[ShippedDate], [t1].[ShipVia], [t1].[Freight], [t1].[ShipName], [t1].[ShipAddress], [t1].[ShipCity], [t1].[ShipRegion], [t1].[ShipPostalCode], [t1].[ShipCountry]\r\nFROM [dbo].[Customers] AS [t0], [dbo].[Orders] AS [t1]\r\nWHERE ([t0].[CustomerID] = @p0) AND ([t1].[CustomerID] = [t0].[CustomerID]) AND ([t1].[OrderID] = @p1)",
      "PostedDate": "2010-05-12T10:29:33.67-07:00",
      "Id": -2147483648
    },
    {
      "Message": "",
      "PostedDate": "2010-05-12T10:31:44.973-07:00",
      "Id": -2147483648
    },
    {
      "Message": "",
      "PostedDate": "2010-05-12T10:33:06.76-07:00",
      "Id": -2147483648
    },
    {
      "Message": "",
      "PostedDate": "2010-05-22T00:26:38.11-07:00",
      "Id": -2147483648
    },
    {
      "Message": "",
      "PostedDate": "2010-10-27T10:43:11.357-07:00",
      "Id": -2147483648
    },
    {
      "Message": "",
      "PostedDate": "2011-03-21T15:23:10.68-07:00",
      "Id": -2147483648
    },
    {
      "Message": "jameskerry110 wrote Today at 3:29 AM\r\nIf the correct answer is that I need to move a DLL from the F# SDK (on Windows), that is fine. But I'd like to know whether anyone else has tried this and discovered any other important dependencies to make the PowerPack work in general. [http://www.realdissertationwriting.com dissertation help]\r\n[[http://www.realdissertationwriting.com|dissertation help]]\r\n",
      "PostedDate": "2011-04-09T03:31:35.543-07:00",
      "Id": -2147483648
    },
    {
      "Message": "If the correct answer is that I need to move a DLL from the F# SDK (on Windows), that is fine. But I'd like to know whether anyone else has tried this and discovered any other important dependencies to make the PowerPack work in general.  [url=http://www.realthesiswriting.com]thesis help[/url] \"linktext\":www.linktext.com\r\n",
      "PostedDate": "2011-04-09T03:32:41.37-07:00",
      "Id": -2147483648
    },
    {
      "Message": "",
      "PostedDate": "2013-02-21T16:25:05.29-08:00",
      "Id": -2147483648
    }
  ]
}