{
  "WorkItem": {
    "AffectedComponent": {
      "Name": "",
      "DisplayName": ""
    },
    "ClosedComment": "Closing old suggestions since the PowerPack functionality in this drop of the PowerPack will not be expanded from this point.\n\nSome requests for changes in functionality are also being closed for the same reason. \n\nNew functionality can be discussed in the versions of this code on GitHub:\n\n    http://github.com/fsharp/fsharpx\n    http://github.com/fsharp/powerpack\n\nand the Math.NET F# support, for Matrix functionality.",
    "ClosedDate": "2013-05-29T07:28:54.853-07:00",
    "CommentCount": 0,
    "Custom": null,
    "Description": "FsYacc seems to have issues with some types. See here (http://stackoverflow.com/questions/11342379/how-to-add-and-use-custom-context-parameters-during-parsing-with-f-fsyacc/11359377#comment14969724_11359377) for some details. From my preliminary tests, the followings fail (though should succeed):\n \n* int -> int\n* (int -> int)\n* seq<int>\n* Func<int,int,bool>\n \nBut \"(int, int. int) Func\" works (that is, only OCaml generics).\n \nI'm guessing the problem is with the definition of the type token: '<' [^ '\\n' '\\r' '>']+ '>'\nShould do parentheses balance checking.",
    "LastUpdatedDate": "2013-05-29T07:28:54.853-07:00",
    "PlannedForRelease": "",
    "ReleaseVisibleToPublic": false,
    "Priority": {
      "Name": "Low",
      "Severity": 50,
      "Id": 1
    },
    "ProjectName": "fsharppowerpack",
    "ReportedDate": "2012-07-06T07:17:01.01-07:00",
    "Status": {
      "Name": "Closed",
      "Id": 4
    },
    "ReasonClosed": {
      "Name": "External"
    },
    "Summary": "FsYacc, function types and .NET generics",
    "Type": {
      "Name": "Issue",
      "Id": 3
    },
    "VoteCount": 1,
    "Id": 7024
  },
  "FileAttachments": [],
  "Comments": [
    {
      "Message": "CodePlex seems to have some issues with issue creation (how amusing!) - I thought this was not published, and so created a second issue. This one can be deleted.",
      "PostedDate": "2012-07-06T07:21:44.23-07:00",
      "Id": -2147483648
    },
    {
      "Message": "",
      "PostedDate": "2013-02-21T16:24:55.02-08:00",
      "Id": -2147483648
    },
    {
      "Message": "",
      "PostedDate": "2013-05-29T07:28:54.853-07:00",
      "Id": -2147483648
    }
  ]
}