{
  "WorkItem": {
    "AffectedComponent": {
      "Name": "",
      "DisplayName": ""
    },
    "ClosedComment": "Closing old suggestions since the PowerPack functionality in this drop of the PowerPack will not be expanded from this point.\n\nSome requests for changes in functionality are also being closed for the same reason. \n\nNew functionality can be discussed in the versions of this code on GitHub:\n\n    http://github.com/fsharp/fsharpx\n    http://github.com/fsharp/powerpack\n\nand the Math.NET F# support, for Matrix functionality.",
    "ClosedDate": "2013-05-29T07:28:28.427-07:00",
    "CommentCount": 0,
    "Custom": null,
    "Description": "It seems that the matrix class in F# needs more development. \n \n \n1. The basics are already implemented, e.g. the matrix product, plus, and minus. However they should be polished, e.g. \n \n1.1\nlet C = A-A\nif A is a sparse matrix, then C should have 0 in all entries, thus its internal value array should be empty.\n \nThe same applies to + and *. \n \n1.2 the string representation of a sparse array should be different from a dense one. \n \n1.3 the Item member function for SparseMatrix should be optimized using binary search (it is used a recursive linear search, very very inefficient)\n \n1.4 in initSparseMatrixGU, the implementation is using Dictionary of Dictionary. The note in the code suggests that using SoredMap. I'd like to suggest \nto use tuple array:\nlet as = s |> Seq.toArray\nas |> Array.SortByInPlace (fun ...)\n \nand generate the sparse representation based on this array. \n \n2. the non-implemented methods or module functions for sparse matrices\n \n3. Needs a sparse vector and rowvec.",
    "LastUpdatedDate": "2013-05-29T07:28:28.427-07:00",
    "PlannedForRelease": "",
    "ReleaseVisibleToPublic": false,
    "Priority": {
      "Name": "Low",
      "Severity": 50,
      "Id": 1
    },
    "ProjectName": "fsharppowerpack",
    "ReportedDate": "2010-04-09T06:33:59.24-07:00",
    "Status": {
      "Name": "Closed",
      "Id": 4
    },
    "ReasonClosed": {
      "Name": "External"
    },
    "Summary": "Sparse Matrix implementation and optimization",
    "Type": {
      "Name": "Issue",
      "Id": 3
    },
    "VoteCount": 3,
    "Id": 4337
  },
  "FileAttachments": [],
  "Comments": []
}