{
  "WorkItem": {
    "AffectedComponent": {
      "Name": "",
      "DisplayName": ""
    },
    "ClosedComment": "See the proper way to do this using &#34;matrix &#91;&#91;&#93;&#93;&#34; above",
    "ClosedDate": "2012-02-13T05:14:05.44-08:00",
    "CommentCount": 0,
    "Custom": null,
    "Description": "Matrix.create 0 0 0.0 works but this does not:\n \n> matrix[];;\nSystem.ArgumentException: unexpected empty list\nParameter name: xss\n   at Microsoft.FSharp.Math.GenericImpl.listDenseMatrixGU[a](FSharpOption`1 ops, FSharpList`1 xss)\n   at Microsoft.FSharp.Math.GenericImpl.seqDenseMatrixGU[a,b](FSharpOption`1 ops, IEnumerable`1 xss)\n   at Microsoft.FSharp.Math.MatrixModule.ofSeq[?](IEnumerable`1 xss)\n   at <StartupCode$FSI_0011>.$FSI_0011.main@()\nStopped due to error",
    "LastUpdatedDate": "2013-05-16T03:44:23.643-07:00",
    "PlannedForRelease": "",
    "ReleaseVisibleToPublic": false,
    "Priority": {
      "Name": "Low",
      "Severity": 50,
      "Id": 1
    },
    "ProjectName": "fsharppowerpack",
    "ReportedDate": "2012-02-03T13:59:44.607-08:00",
    "Status": {
      "Name": "Closed",
      "Id": 4
    },
    "ReasonClosed": {
      "Name": "Unassigned"
    },
    "Summary": "Matrix[] does not work",
    "Type": {
      "Name": "Issue",
      "Id": 3
    },
    "VoteCount": 1,
    "Id": 6742
  },
  "FileAttachments": [],
  "Comments": [
    {
      "Message": "Try\r\n\r\nlet x = (matrix [[]] : Matrix<float>)\r\n\r\n\r\n\r\n",
      "PostedDate": "2012-02-13T05:13:39.403-08:00",
      "Id": -2147483648
    },
    {
      "Message": "",
      "PostedDate": "2012-02-13T05:14:05.44-08:00",
      "Id": -2147483648
    },
    {
      "Message": "",
      "PostedDate": "2013-02-21T16:24:55.953-08:00",
      "Id": -2147483648
    },
    {
      "Message": "",
      "PostedDate": "2013-05-16T03:44:23.643-07:00",
      "Id": -2147483648
    }
  ]
}