{
  "WorkItem": {
    "AffectedComponent": {
      "Name": "",
      "DisplayName": ""
    },
    "ClosedComment": "",
    "ClosedDate": null,
    "CommentCount": 0,
    "Custom": null,
    "Description": "There is NO online documentation for the PowerPack; this is a huge problem when trying to do web searches. Please just generate the documentation and post it in the documentation tab!",
    "LastUpdatedDate": "2016-11-09T04:35:09.593-08:00",
    "PlannedForRelease": "",
    "ReleaseVisibleToPublic": false,
    "Priority": {
      "Name": "Unassigned",
      "Severity": 0,
      "Id": 0
    },
    "ProjectName": "fsharppowerpack",
    "ReportedDate": "2014-02-09T12:37:10.967-08:00",
    "Status": {
      "Name": "Proposed",
      "Id": 1
    },
    "ReasonClosed": {
      "Name": "Unassigned"
    },
    "Summary": "Documentation tab is empty on this page",
    "Type": {
      "Name": "Unassigned",
      "Id": 5
    },
    "VoteCount": 1,
    "Id": 7756
  },
  "FileAttachments": [],
  "Comments": [
    {
      "Message": "I have set up several tutorials and beginner documents, but I am simply funny if some of you long-time users knew of any truly big sites or tutorials that I could reference. [Assignment help uk - Assignment Doer](http://www.assignmentdoer.co.uk/)\n",
      "PostedDate": "2015-11-09T04:08:59.923-08:00",
      "Id": -2147483648
    },
    {
      "Message": "The website can be giving information on how to [book freedom 251 mobile](http://freedom251smartphone.in/) online with technical specifications and reviews.",
      "PostedDate": "2016-02-23T00:05:37.9-08:00",
      "Id": -2147483648
    },
    {
      "Message": "Let's fulfil documentation tab with the list of the best high-quality writing services! My vote goes to [thrivingwriter.com/term-paper-writing/](http://www.example.com)! Only positive experience! What is your choice?",
      "PostedDate": "2016-11-09T04:35:09.593-08:00",
      "Id": -2147483648
    }
  ]
}