{
  "WorkItem": {
    "AffectedComponent": {
      "Name": "",
      "DisplayName": ""
    },
    "ClosedComment": "",
    "ClosedDate": "2013-05-24T09:23:35.953-07:00",
    "CommentCount": 0,
    "Custom": null,
    "Description": "in XP, .net3.5, F# 2.0 VS2008, Putting Tokens.fs and lexer.fsl in the same directory and run fslex lexer.fsl\n \nit generate lexer.fs file then i add this lexer.fs to project with main.fs and compile and get error\n \nThe namespace or module 'Tokens' is not defined in lexer.fsl\n \nTokens.fs\nmodule Tokens\ntype Tokens =\n____________________________________________________\n \nlexer.fs\n# 1 \"lexer.fsl\"\nmodule Lexer\nopen System\n// Open our module which defines the token types\nopen Tokens\n// These two modules define goo needed to use fslex\nopen Lexing\n_____________________________________________________\n \nmodule Lexer\nopen System\n// Open our module which defines the token types\nopen Tokens\n// These two modules define goo needed to use fslex\nopen Lexing\n______________________________________________________\nmodule main\nopen System\n// Opens the module with our generated scanner code\nopen Lexer",
    "LastUpdatedDate": "2013-05-24T09:23:36.523-07:00",
    "PlannedForRelease": "",
    "ReleaseVisibleToPublic": false,
    "Priority": {
      "Name": "Low",
      "Severity": 50,
      "Id": 1
    },
    "ProjectName": "fsharppowerpack",
    "ReportedDate": "2012-03-12T05:55:06.96-07:00",
    "Status": {
      "Name": "Closed",
      "Id": 4
    },
    "ReasonClosed": {
      "Name": "Unassigned"
    },
    "Summary": "The namespace or module 'Tokens' is not defined in lexer.fsl",
    "Type": {
      "Name": "Issue",
      "Id": 3
    },
    "VoteCount": 1,
    "Id": 6829
  },
  "FileAttachments": [],
  "Comments": []
}