{
  "WorkItem": {
    "AffectedComponent": {
      "Name": "",
      "DisplayName": ""
    },
    "ClosedComment": "",
    "ClosedDate": null,
    "CommentCount": 0,
    "Custom": null,
    "Description": "We should have a build of the PowerPack for Silverlight 3.0.",
    "LastUpdatedDate": "2017-02-15T06:52:33.997-08:00",
    "PlannedForRelease": "",
    "ReleaseVisibleToPublic": false,
    "Priority": {
      "Name": "Low",
      "Severity": 50,
      "Id": 1
    },
    "ProjectName": "fsharppowerpack",
    "ReportedDate": "2010-03-22T16:12:18.49-07:00",
    "Status": {
      "Name": "Resolved",
      "Id": 7
    },
    "ReasonClosed": {
      "Name": "Unassigned"
    },
    "Summary": "Silverlight 3.0 build of F# PowerPack",
    "Type": {
      "Name": "Issue",
      "Id": 3
    },
    "VoteCount": 5,
    "Id": 4219
  },
  "FileAttachments": [],
  "Comments": [
    {
      "Message": "I've added a patch for Silverlight 3 support, comprising a new solution file and project files for the PowerPack and Compatibility libraries. It's only partially complete and hasn't had much in the way of testing, so use at your own risk. I'll port the remaining projects and unit tests when I get time.\r\n\r\nAndrew.",
      "PostedDate": "2010-05-13T01:55:02.813-07:00",
      "Id": -2147483648
    },
    {
      "Message": "",
      "PostedDate": "2010-05-13T19:46:31.507-07:00",
      "Id": -2147483648
    },
    {
      "Message": "",
      "PostedDate": "2010-05-19T13:41:07.24-07:00",
      "Id": -2147483648
    },
    {
      "Message": "",
      "PostedDate": "2011-03-21T15:23:07.497-07:00",
      "Id": -2147483648
    },
    {
      "Message": "",
      "PostedDate": "2012-10-31T12:26:41.847-07:00",
      "Id": -2147483648
    },
    {
      "Message": "",
      "PostedDate": "2013-02-21T16:25:06.827-08:00",
      "Id": -2147483648
    },
    {
      "Message": "",
      "PostedDate": "2013-05-16T03:44:25.027-07:00",
      "Id": -2147483648
    },
    {
      "Message": "",
      "PostedDate": "2013-05-16T03:44:25.187-07:00",
      "Id": -2147483648
    },
    {
      "Message": "",
      "PostedDate": "2013-06-14T00:24:33.68-07:00",
      "Id": -2147483648
    },
    {
      "Message": "It is hard to understand the app development; I was interested in it as I wanted to be an expert app developer. When I started learning it, I faced many issues in understanding the language. So, I quit and started learning the languages for website development. I know how to create a website and I am also a graphic designer, so I feel glad when I complete a project. Is there anyone who knows how to develop an app and a person who offers the [Cheap Essay Globe Help Service](http://www.essayglobe.co.uk/)?",
      "PostedDate": "2017-02-15T06:52:33.997-08:00",
      "Id": -2147483648
    }
  ]
}