{
  "WorkItem": {
    "AffectedComponent": {
      "Name": "",
      "DisplayName": ""
    },
    "ClosedComment": "Closing old suggestions since the PowerPack functionality in this drop of the PowerPack will not be expanded from this point.\n\nSome requests for changes in functionality are also being closed for the same reason. \n\nNew functionality can be discussed in the versions of this code on GitHub:\n\n    http://github.com/fsharp/fsharpx\n    http://github.com/fsharp/powerpack\n\nand the Math.NET F# support, for Matrix functionality.",
    "ClosedDate": "2013-05-29T07:28:52.95-07:00",
    "CommentCount": 0,
    "Custom": null,
    "Description": "> #r @\"c:\\users\\dan\\documents\\visual studio 11\\Projects\\ConsoleApplication1\\packages\\FSPowerPack.Community.2.1.2.1\\Lib\\Net40\\FSharp.PowerPack.dll\" ;;\n \n--> Referenced 'c:\\users\\dan\\documents\\visual studio 11\\Projects\\ConsoleApplication1\\packages\\FSPowerPack.Community.2.1.2.1\\Lib\\Net40\\FSharp.PowerPack.dll'\n \n> let x = complex 1.2 2.3 ;;\n \nException raised during pretty printing.\nPlease report this so it can be fixed.\nTrace: System.Reflection.TargetInvocationException: Exception has been thrown by the target of an invocation. ---> System.IO.FileNotFoundException: Could not load file or assembly 'FSharp.Core, Version=4.0.0.0, Culture=neutral, PublicKeyToken=b03f5f7f11d50a3a' or one of its dependencies. The system cannot find the file specified.\n   at System.ModuleHandle.ResolveType(RuntimeModule module, Int32 typeToken, IntPtr* typeInstArgs, Int32 typeInstCount, IntPtr* methodInstArgs, Int32 methodInstCount, ObjectHandleOnStack type)\n   at System.ModuleHandle.ResolveTypeHandleInternal(RuntimeModule module, Int32 typeToken, RuntimeTypeHandle[] typeInstantiationContext, RuntimeTypeHandle[] methodInstantiationContext)\n   at System.Reflection.RuntimeModule.ResolveType(Int32 metadataToken, Type[] genericTypeArguments, Type[] genericMethodArguments)\n   at System.Reflection.CustomAttribute.FilterCustomAttributeRecord(CustomAttributeRecord caRecord, MetadataImport scope, Assembly& lastAptcaOkAssembly, RuntimeModule decoratedModule, MetadataToken decoratedToken, RuntimeType attributeFilterType, Boolean mustBeInheritable, Object[] attributes, IList derivedAttributes, RuntimeType& attributeType, IRuntimeMethodInfo& ctor, Boolean& ctorHasParameters, Boolean& isVarArg)\n   at System.Reflection.CustomAttribute.GetCustomAttributes(RuntimeModule decoratedModule, Int32 decoratedMetadataToken, Int32 pcaCount, RuntimeType attributeFilterType, Boolean mustBeInheritable, IList derivedAttributes, Boolean isDecoratedTargetSecurityTransparent)\n   at System.Reflection.CustomAttribute.GetCustomAttributes(RuntimeType type, RuntimeType caType, Boolean inherit)\n   at System.RuntimeType.GetCustomAttributes(Type attributeType, Boolean inherit)\n   at Microsoft.FSharp.Reflection.Impl.tryFindCompilationMappingAttributeFromType(Type typ)\n   at Microsoft.FSharp.Reflection.Impl.tryFindSourceConstructFlagsOfType(Type typ)\n   at Microsoft.FSharp.Reflection.Impl.isExceptionRepr(Type typ, BindingFlags bindingFlags)\n   at Microsoft.FSharp.Reflection.Impl.getTypeOfReprType(Type typ, BindingFlags bindingFlags)\n   at Microsoft.FSharp.Reflection.FSharpType.IsFunction(Type typ)\n   at Internal.Utilities.StructuredFormat.ReflectUtils.Value.GetValueInfoOfObject(BindingFlags bindingFlags, Object obj)\n   at Internal.Utilities.StructuredFormat.ReflectUtils.Value.GetValueInfo[a](BindingFlags bindingFlags, a x)\n   at Internal.Utilities.StructuredFormat.Display.anyL[a](ShowMode showMode, BindingFlags bindingFlags, FormatOptions opts, a x)\n   at Internal.Utilities.StructuredFormat.Display.fsi_any_to_layout[T](FormatOptions options, T value)\n   --- End of inner exception stack trace ---\n   at System.RuntimeMethodHandle.InvokeMethod(Object target, Object[] arguments, Signature sig, Boolean constructor)\n   at System.Reflection.RuntimeMethodInfo.Invoke(Object obj, BindingFlags invokeAttr, Binder binder, Object[] parameters, CultureInfo culture, Boolean skipVisibilityChecks)\n   at System.Reflection.RuntimeMethodInfo.Invoke(Object obj, BindingFlags invokeAttr, Binder binder, Object[] parameters, CultureInfo culture)\n   at System.Reflection.MethodBase.Invoke(Object obj, Object[] parameters)\n   at Microsoft.FSharp.Compiler.Interactive.Shell.FsiValuePrinter.PrintValue(FsiValuePrinterMode printMode, FormatOptions opts, Object x, Type ty)\n \nval x : complex =",
    "LastUpdatedDate": "2013-05-29T07:28:52.95-07:00",
    "PlannedForRelease": "",
    "ReleaseVisibleToPublic": false,
    "Priority": {
      "Name": "Low",
      "Severity": 50,
      "Id": 1
    },
    "ProjectName": "fsharppowerpack",
    "ReportedDate": "2012-03-22T19:26:52.45-07:00",
    "Status": {
      "Name": "Closed",
      "Id": 4
    },
    "ReasonClosed": {
      "Name": "External"
    },
    "Summary": "complex type \"Exception raised during pretty printing\" in fsi in VS11 Beta",
    "Type": {
      "Name": "Issue",
      "Id": 3
    },
    "VoteCount": 1,
    "Id": 6840
  },
  "FileAttachments": [],
  "Comments": [
    {
      "Message": "Works fine on another machine:\r\n\r\n--> Referenced 'C:\\Users\\Dan\\...\\packages\\FSPowerPack.Community.2.1.2.1\\Lib\\Net40\\FSharp.PowerPack.dll'\r\n\r\n> complex 1.2 2.3 ;;\r\nval it : complex = 1.2r+2.3i {Conjugate = 1.2r-2.3i;\r\n                              ImaginaryPart = 2.3;\r\n                              Magnitude = 2.594224354;\r\n                              Phase = 1.089909047;\r\n                              RealPart = 1.2;\r\n                              i = 2.3;\r\n                              r = 1.2;}",
      "PostedDate": "2012-03-23T07:29:58.423-07:00",
      "Id": -2147483648
    },
    {
      "Message": "",
      "PostedDate": "2013-02-21T16:24:55.603-08:00",
      "Id": -2147483648
    },
    {
      "Message": "",
      "PostedDate": "2013-05-29T07:28:52.95-07:00",
      "Id": -2147483648
    }
  ]
}