{
  "WorkItem": {
    "AffectedComponent": {
      "Name": "",
      "DisplayName": ""
    },
    "ClosedComment": "please let us know if there are any similar problems",
    "ClosedDate": "2012-11-08T15:11:46.693-08:00",
    "CommentCount": 0,
    "Custom": null,
    "Description": "I'm trying to package the F# compiler for Debian and Ubuntu, and one of the standard things to do is a copyright sweep to ensure that we really have permission to redistribute.\n\n\nAs a part of that, I noticed that the following files in compiler/3.0/Sep2012:\n./src/absil/ilbinary.fsi\n./src/absil/zmap.fs\n./src/absil/zmap.fsi\n./src/absil/zset.fs\n./src/absil/zset.fsi\n./src/fsharp/FSharp.Build/Microsoft.FSharp.targets\n./src/fsharp/fsi/console.fs\n./src/ilx/cu_erase.fsi\n./src/ilx/pubclo.fsi\n\nclaim to be “Copyright (c) Microsoft Corporation.  All rights reserved.”\n\n\n\nThis is presumably an oversight, given the Apache 2.0 licence claimed over the whole work, but we can't distribute this in Debian or Ubuntu until it's resolved.\n\n\n\nLikewise, the AssemblyCopyright attributes for all the binaries claim to be All rights reserved; I don't believe this is problematic for us, but it is misleading.",
    "LastUpdatedDate": "2013-05-16T03:44:22.987-07:00",
    "PlannedForRelease": "",
    "ReleaseVisibleToPublic": false,
    "Priority": {
      "Name": "Low",
      "Severity": 50,
      "Id": 1
    },
    "ProjectName": "fsharppowerpack",
    "ReportedDate": "2012-11-08T01:32:18.153-08:00",
    "Status": {
      "Name": "Closed",
      "Id": 4
    },
    "ReasonClosed": {
      "Name": "Unassigned"
    },
    "Summary": "Problematic copyright headers on some files",
    "Type": {
      "Name": "Issue",
      "Id": 3
    },
    "VoteCount": 1,
    "Id": 7189
  },
  "FileAttachments": [],
  "Comments": [
    {
      "Message": "Fixed in latest checkin. thanks.  Will apply the same fix to github.com/fsharp/fsharp",
      "PostedDate": "2012-11-08T15:11:12.947-08:00",
      "Id": -2147483648
    },
    {
      "Message": "",
      "PostedDate": "2012-11-08T15:11:46.693-08:00",
      "Id": -2147483648
    },
    {
      "Message": "",
      "PostedDate": "2013-02-21T16:24:54.613-08:00",
      "Id": -2147483648
    },
    {
      "Message": "",
      "PostedDate": "2013-05-16T03:44:22.987-07:00",
      "Id": -2147483648
    }
  ]
}