{
  "WorkItem": {
    "AffectedComponent": {
      "Name": "",
      "DisplayName": ""
    },
    "ClosedComment": "Closing old suggestions since the PowerPack functionality in this drop of the PowerPack will not be expanded from this point.\n\nSome requests for changes in functionality are also being closed for the same reason. \n\nNew functionality can be discussed in the versions of this code on GitHub:\n\n    http://github.com/fsharp/fsharpx\n    http://github.com/fsharp/powerpack\n\nand the Math.NET F# support, for Matrix functionality.",
    "ClosedDate": "2013-05-29T07:28:56.73-07:00",
    "CommentCount": 0,
    "Custom": null,
    "Description": "I'm having trouble installing the F# PowerPack in Mac OS X. It appears that gacutil must be run over each DLL individually. When I try to install the parallel DLL, gacutil says:\n\n\"Failure adding assembly FSharp.PowerPack.Parallel.Seq.dll to the cache: Attempt to install an assembly without a strong name\"\n\nSpecs:\n\nF# PowerPack 4.0.0.0\n\n$ fsharpc\nF# Compiler for F# 3.0 (Open Source Edition)\nFreely distributed under the Apache 2.0 Open Source License\n\n$ mono --version\nMono JIT compiler version 3.0.1 (master/301b6c6 Mon Nov  5 14:45:52 EST 2012)\nCopyright (C) 2002-2012 Novell, Inc, Xamarin Inc and Contributors. www.mono-project.com\n\tTLS:           normal\n\tSIGSEGV:       altstack\n\tNotification:  kqueue\n\tArchitecture:  x86\n\tDisabled:      none\n\tMisc:          softdebug \n\tLLVM:          yes(3.1svn-mono)\n\tGC:            Included Boehm (with typed GC)",
    "LastUpdatedDate": "2013-05-29T07:28:56.73-07:00",
    "PlannedForRelease": "",
    "ReleaseVisibleToPublic": false,
    "Priority": {
      "Name": "Low",
      "Severity": 50,
      "Id": 1
    },
    "ProjectName": "fsharppowerpack",
    "ReportedDate": "2013-01-20T10:18:10.067-08:00",
    "Status": {
      "Name": "Closed",
      "Id": 4
    },
    "ReasonClosed": {
      "Name": "External"
    },
    "Summary": "gacutil: Failure adding assembly FSharp.PowerPack.Parallel.Seq.dll to the cache: Attempt to install an assembly without a strong name",
    "Type": {
      "Name": "Issue",
      "Id": 3
    },
    "VoteCount": 1,
    "Id": 7274
  },
  "FileAttachments": [],
  "Comments": []
}