{
  "WorkItem": {
    "AffectedComponent": {
      "Name": "",
      "DisplayName": ""
    },
    "ClosedComment": "Closing old suggestions since the PowerPack functionality in this drop of the PowerPack will not be expanded from this point.\n\nSome requests for changes in functionality are also being closed for the same reason. \n\nNew functionality can be discussed in the versions of this code on GitHub:\n\n    http://github.com/fsharp/fsharpx\n    http://github.com/fsharp/powerpack\n\nand the Math.NET F# support, for Matrix functionality.",
    "ClosedDate": "2013-05-29T07:28:51.02-07:00",
    "CommentCount": 0,
    "Custom": null,
    "Description": "When using fslex and fsyacc, and you have the situation where you want to check if stuff is parsable, the code will throw a lot of generic System.Exception. The code of fslex/fsyacc is littered with failwith.\n \nThis is very annoying when you debug a program, since you cannot filter away these exceptions, except by turning of all generic exceptions.\n \nIt also is against the \"Draft F# Component Design Guidelines (August 2010)\"\n \n\"Do not throw System.Exception when it will escape to user code. This includes avoiding\nthe use of failwith, failwithf, which are handy functions for use in scripting and for\ncode under development, but should be removed from F# library code in favor of\nthrowing a more specific exception type.\"\n \nIs this done due to lazyness when porting from ocaml, or any specific reason?",
    "LastUpdatedDate": "2013-05-29T07:28:51.02-07:00",
    "PlannedForRelease": "",
    "ReleaseVisibleToPublic": false,
    "Priority": {
      "Name": "Low",
      "Severity": 50,
      "Id": 1
    },
    "ProjectName": "fsharppowerpack",
    "ReportedDate": "2011-04-16T04:22:10.1-07:00",
    "Status": {
      "Name": "Closed",
      "Id": 4
    },
    "ReasonClosed": {
      "Name": "External"
    },
    "Summary": "fslex, fsyacc: why all the failwith? Generic exception very annoying in debugger",
    "Type": {
      "Name": "Issue",
      "Id": 3
    },
    "VoteCount": 3,
    "Id": 6056
  },
  "FileAttachments": [
    {
      "FileId": 2052,
      "FileName": "lexing-parsing-patch.txt",
      "DownloadUrl": ".\\2052"
    }
  ],
  "Comments": [
    {
      "Message": "Changing 8 rows in Lexing.fs and Parsing.fs is enough. See attachment",
      "PostedDate": "2011-04-17T00:42:31.387-07:00",
      "Id": -2147483648
    },
    {
      "Message": "",
      "PostedDate": "2011-05-26T07:55:58.653-07:00",
      "Id": -2147483648
    },
    {
      "Message": "",
      "PostedDate": "2011-09-19T12:39:20.7-07:00",
      "Id": -2147483648
    },
    {
      "Message": "",
      "PostedDate": "2013-02-21T16:24:57.03-08:00",
      "Id": -2147483648
    },
    {
      "Message": "",
      "PostedDate": "2013-05-29T07:28:51.02-07:00",
      "Id": -2147483648
    }
  ]
}