{
  "WorkItem": {
    "AffectedComponent": {
      "Name": "",
      "DisplayName": ""
    },
    "ClosedComment": "",
    "ClosedDate": null,
    "CommentCount": 0,
    "Custom": null,
    "Description": "PSeq.sumBy internally uses ParallelEnumerable.Average instead of ParallelEnumerable.Sum.",
    "LastUpdatedDate": "2013-06-14T00:24:33.837-07:00",
    "PlannedForRelease": "February 2010",
    "ReleaseVisibleToPublic": false,
    "Priority": {
      "Name": "Low",
      "Severity": 50,
      "Id": 1
    },
    "ProjectName": "fsharppowerpack",
    "ReportedDate": "2010-03-11T07:19:56.233-08:00",
    "Status": {
      "Name": "Resolved",
      "Id": 7
    },
    "ReasonClosed": {
      "Name": "Unassigned"
    },
    "Summary": "PSeq.sumBy produces incorrect results",
    "Type": {
      "Name": "Issue",
      "Id": 3
    },
    "VoteCount": 1,
    "Id": 4139
  },
  "FileAttachments": [],
  "Comments": [
    {
      "Message": "Fixed with changeset #43022.",
      "PostedDate": "2010-03-13T15:22:03.78-08:00",
      "Id": -2147483648
    },
    {
      "Message": "",
      "PostedDate": "2010-03-31T10:20:20.08-07:00",
      "Id": -2147483648
    },
    {
      "Message": "",
      "PostedDate": "2013-02-21T16:25:06.993-08:00",
      "Id": -2147483648
    },
    {
      "Message": "",
      "PostedDate": "2013-05-16T03:44:25.353-07:00",
      "Id": -2147483648
    },
    {
      "Message": "",
      "PostedDate": "2013-05-16T03:44:25.51-07:00",
      "Id": -2147483648
    },
    {
      "Message": "",
      "PostedDate": "2013-06-14T00:24:33.837-07:00",
      "Id": -2147483648
    }
  ]
}