{
  "WorkItem": {
    "AffectedComponent": {
      "Name": "",
      "DisplayName": ""
    },
    "ClosedComment": "Closing old suggestions since the PowerPack functionality in this drop of the PowerPack will not be expanded from this point.\n\nSome requests for changes in functionality are also being closed for the same reason. \n\nNew functionality can be discussed in the versions of this code on GitHub:\n\n    http://github.com/fsharp/fsharpx\n    http://github.com/fsharp/powerpack\n\nand the Math.NET F# support, for Matrix functionality.",
    "ClosedDate": "2013-05-29T07:28:22.49-07:00",
    "CommentCount": 0,
    "Custom": null,
    "Description": "The FsLex and FsYacc build tasks are broken in the Dec2012 release. Using either of them results in a build error:\n> C:\\Program Files (x86)\\MSBuild\\FSharp\\1.0\\FSharp.PowerPack.targets(32,3): error MSB6004: The specified task executable location \"C:\\Windows\\Microsoft.NET\\Framework\\v4.0.30319\\fslex.exe\" is invalid.\n\nThe Installer does not create a Registry under \"Software\\Microsoft\\.NETFramework\\AssemblyFolders\\FSharp.PowerPack-1.9.9.9\" which is checked in \"CompilerLocationUtils.fs\" to locate the F# PowerPack install location. A quick Registry search indicated that no entry containing the install location is created at all making tool discovery impossible.\n\nNote: This bug has already been marked as \"fixed\" for an earlier release (see: [here](http://fsharppowerpack.codeplex.com/workitem/4548?ProjectName=fsharppowerpack))",
    "LastUpdatedDate": "2013-05-29T07:28:22.49-07:00",
    "PlannedForRelease": "",
    "ReleaseVisibleToPublic": false,
    "Priority": {
      "Name": "Low",
      "Severity": 50,
      "Id": 1
    },
    "ProjectName": "fsharppowerpack",
    "ReportedDate": "2013-02-11T10:55:44.94-08:00",
    "Status": {
      "Name": "Closed",
      "Id": 4
    },
    "ReasonClosed": {
      "Name": "External"
    },
    "Summary": "FsLex/FsYacc build tasks broken",
    "Type": {
      "Name": "Issue",
      "Id": 3
    },
    "VoteCount": 6,
    "Id": 7307
  },
  "FileAttachments": [],
  "Comments": [
    {
      "Message": "With latest releas (PowerPack for FSharp 3.0 + .NET 4.x + VS2012) I get the same error.",
      "PostedDate": "2013-03-12T23:35:57.087-07:00",
      "Id": -2147483648
    },
    {
      "Message": "If you move fslex.exe and fsyacc.exe it will build, but this clearly is not a fix.",
      "PostedDate": "2013-03-15T08:37:09.863-07:00",
      "Id": -2147483648
    },
    {
      "Message": "",
      "PostedDate": "2013-03-15T09:44:00.273-07:00",
      "Id": -2147483648
    },
    {
      "Message": "Sorry for not mentioning this in the original description: This is (kind of) a regression bug, the __workaround__ given for the linked issue (item number: 4548) to create the Registry key \"HKEY_LOCAL_MACHINE\\SOFTWARE\\Microsoft.NETFramework\\AssemblyFolders\\FSharp.PowerPack-1.9.9.9\" whose default value points to the install location of FsLex and FsYacc does work for the Dec2012 release as well.\r\n\r\nA clean solution on the other hand (not a hack or workaround) would be to\n1. Change the installer to create a Registry entry pointing to the F# PowerPack install location (Note that the 2.0.0.0 installer already did this correctly, but the Dec2012 installer does not create any such key anymore)\n2. Change \"CompilerLocationUtils.fs\" to check that Registry key (instead of the key given above)",
      "PostedDate": "2013-03-15T10:33:52.217-07:00",
      "Id": -2147483648
    },
    {
      "Message": "",
      "PostedDate": "2013-04-22T15:21:42.203-07:00",
      "Id": -2147483648
    },
    {
      "Message": "",
      "PostedDate": "2013-04-23T10:33:46.83-07:00",
      "Id": -2147483648
    },
    {
      "Message": "",
      "PostedDate": "2013-05-28T05:56:22.203-07:00",
      "Id": -2147483648
    },
    {
      "Message": "I tried applying the workaround for the dec 2012 release on Win 8 VS 2012 and it does not work. (It always takes the Visual Studio bin folder and if I copy both .exe files there, it works fine.)\r\n\r\nAdding fsharp-powerpack-location to appSettings does not help either...",
      "PostedDate": "2013-05-28T06:02:10.447-07:00",
      "Id": -2147483648
    },
    {
      "Message": "As VS2012 is a 32 bit application the registry key has to be created in the 32bit view of the registry (see: http://msdn.microsoft.com/en-us/library/windows/desktop/ms724072%28v=vs.85%29.aspx).\r\n\r\nSo this did work for me (Win7 64bit, though it should work for Win8 64bit as well):\n1. Press the Windows key\n2. Enter \"regedit\"\n3. Accept the UAC dialog\n4. Expand the node \"HKEY_LOCAL_MACHINE\\SOFTWARE\\Wow6432Node\\Microsoft\\\\.NETFramework\"\n5. Right click on \"AssemblyFolders\", click New->Key\n6. Name the key \"FSharp.PowerPack-1.9.9.9\"\n7. Double click on \"(Default)\" and enter the path to the PowerPack bin directory (e.g. \"C:\\Program Files (x86)\\FSharpPowerPack-4.0.0.0\\bin\")",
      "PostedDate": "2013-05-28T09:54:02.19-07:00",
      "Id": -2147483648
    },
    {
      "Message": "",
      "PostedDate": "2013-05-29T07:28:22.49-07:00",
      "Id": -2147483648
    }
  ]
}