{
  "WorkItem": {
    "AffectedComponent": {
      "Name": "",
      "DisplayName": ""
    },
    "ClosedComment": "Closing old suggestions since the PowerPack functionality in this drop of the PowerPack will not be expanded from this point.\n\nSome requests for changes in functionality are also being closed for the same reason. \n\nNew functionality can be discussed in the versions of this code on GitHub:\n\n    http://github.com/fsharp/fsharpx\n    http://github.com/fsharp/powerpack\n\nand the Math.NET F# support, for Matrix functionality.",
    "ClosedDate": "2013-05-29T07:28:47.09-07:00",
    "CommentCount": 0,
    "Custom": null,
    "Description": "base on Don's blog: http://blogs.msdn.com/b/dsyme/archive/2009/10/23/a-quick-refresh-on-query-support-in-the-f-power-pack.aspx, run followign script\n \ntype Customer = \n    { Name:string; \n      UniqueID: int; \n      Weighting:float; \n      Preferences: int list } \nlet c1 = { Name=\"Don\";    UniqueID=6; Weighting=6.2; Preferences=[1;2;4;8] }\nlet data = [c1]\n \n#r \"System.Core.dll\"\nopen System.Linq \nlet db = Queryable.AsQueryable<Customer>(data)\n#r \"FSharp.PowerPack.Linq.dll\"\nopen Microsoft.FSharp.Linq \nopen Microsoft.FSharp.Linq.Query\n \nlet q1 = \n    query <@ seq {for c in db -> c.Name} |> Seq.find  (fun c -> c = \"Don\") @>\n \nwill get\nThis is not a valid query expression. Check the specification of permitted queries and consider moving some of the query out of the quotation\n   at Microsoft.FSharp.Linq.QueryModule.TransInner@639-4.Invoke(String message)\n   at Microsoft.FSharp.Core.PrintfImpl.go@512-3[b,c,d](String fmt, Int32 len, FSharpFunc`2 outputChar, FSharpFunc`2 outa, b os, FSharpFunc`2 finalize, FSharpList`1 args, Int32 i)\n   at Microsoft.FSharp.Core.PrintfImpl.run@510[b,c,d](FSharpFunc`2 initialize, String fmt, Int32 len, FSharpList`1 args)\n   at Microsoft.FSharp.Core.PrintfImpl.capture@529[b,c,d](FSharpFunc`2 initialize, String fmt, Int32 len, FSharpList`1 args, Type ty, Int32 i)\n   at <StartupCode$FSharp-Core>.$Reflect.Invoke@617-4.Invoke(T1 inp)\n   at Microsoft.FSharp.Linq.QueryModule.EvalOuterWithPostProcess@643(FSharpExpr tm)\n   at Microsoft.FSharp.Linq.QueryModule.query[T](FSharpExpr`1 p)\n   at <StartupCode$FSI_0005>.$FSI_0005.main@() in C:\\Users\\jackhu\\Documents\\Visual Studio 2010\\Projects\\TestSolution\\TestSolution\\Script1.fsx:line 34\nStopped due to error\n \nFrom: Stephen Hosking [mailto:stephen.hosking.sm@gmail.com] \nSent: Monday, February 28, 2011 2:55 AM\nTo: FSharp Bug Reports\nSubject: PowerPack for Linq does not support Seq.find\n \nHi,\n \nDon Syme’s blog on Linq support in the PowerPack says that Seq.find is supported in query expressions, however it isn’t.\n \nlet austria = query <@ seq {for c in db2.Customers -> c.Country} \n                        |> Seq.find  (fun c -> c = \"Austria\") @>\n \n \nRaises the exception:\n \nThis is not a valid query expression. Check the specification of permitted queries and consider moving some of the query out of the quotation\n \nThis can be reproduced by adding it to the script blog-queries.fsx in the solution downloaded from the blog.\n \nCheers,\n \nStephen",
    "LastUpdatedDate": "2013-05-29T07:28:47.09-07:00",
    "PlannedForRelease": "",
    "ReleaseVisibleToPublic": false,
    "Priority": {
      "Name": "Low",
      "Severity": 50,
      "Id": 1
    },
    "ProjectName": "fsharppowerpack",
    "ReportedDate": "2011-02-28T11:31:22.89-08:00",
    "Status": {
      "Name": "Closed",
      "Id": 4
    },
    "ReasonClosed": {
      "Name": "External"
    },
    "Summary": "PowerPack for Linq does not support Seq.find",
    "Type": {
      "Name": "Issue",
      "Id": 3
    },
    "VoteCount": 1,
    "Id": 5881
  },
  "FileAttachments": [],
  "Comments": []
}