{
  "WorkItem": {
    "AffectedComponent": {
      "Name": "",
      "DisplayName": ""
    },
    "ClosedComment": "",
    "ClosedDate": null,
    "CommentCount": 0,
    "Custom": null,
    "Description": "With the VS2008 and the May 2010 powerpack release, the following expression generates an error when passed to the query function:\n \n<@ join db.Products db.Categories \n        (fun p -> p.CategoryID)\n        (fun c -> Nullable<_>(c.CategoryID))\n        (fun p c -> (p, c))\n   |> Seq.sortBy (fun (p, c) -> c.CategoryName)\n@>\n \nAs I understand it, the SQL translation does not know how to handle tuple.Item2.CategoryName unless it has type information about the members of the tuple.  Attached is a diff showing a small change to linq.fs where, when handling Patterns.NewTuple, the Members member of the NewExpression is initialized by passing a third parameter to Expressions.New.  With that change, I am able to execute the above query successfully.\n \nMy change may not be the best way to add this support, but I think the support should be added at least for tuples (and possibly for records as well).",
    "LastUpdatedDate": "2016-05-12T03:31:42.797-07:00",
    "PlannedForRelease": "",
    "ReleaseVisibleToPublic": false,
    "Priority": {
      "Name": "Medium",
      "Severity": 100,
      "Id": 2
    },
    "ProjectName": "fsharppowerpack",
    "ReportedDate": "2010-05-30T17:50:41.797-07:00",
    "Status": {
      "Name": "Active",
      "Id": 2
    },
    "ReasonClosed": {
      "Name": "Unassigned"
    },
    "Summary": "Linq support: consider initializing NewExpression.Members for tuples",
    "Type": {
      "Name": "Feature",
      "Id": 1
    },
    "VoteCount": 5,
    "Id": 4572
  },
  "FileAttachments": [
    {
      "FileId": 1550,
      "FileName": "linq.fs.diff.txt",
      "DownloadUrl": ".\\1550"
    }
  ],
  "Comments": [
    {
      "Message": "I think that this issue should probably be expanded to support F# records in addition to tuples, since the required changes should be quite similar.\r\n\r\nFurthermore, this issue affects more than just joins; relatively simple queries like \r\n  <@ seq { for i in dbCtx.Table do\r\n                   if (i.Col1, i.Col2) = (1,2) then yield i } @>\r\nare affected too.  I view this as a fairly serious limitation in the current implementation.",
      "PostedDate": "2010-09-14T22:53:18.95-07:00",
      "Id": -2147483648
    },
    {
      "Message": "",
      "PostedDate": "2010-09-15T16:11:50.853-07:00",
      "Id": -2147483648
    },
    {
      "Message": "",
      "PostedDate": "2010-10-24T07:50:58.32-07:00",
      "Id": -2147483648
    },
    {
      "Message": "",
      "PostedDate": "2011-03-21T15:23:12.477-07:00",
      "Id": -2147483648
    },
    {
      "Message": "",
      "PostedDate": "2013-02-21T16:25:04.2-08:00",
      "Id": -2147483648
    },
    {
      "Message": "",
      "PostedDate": "2014-05-25T05:34:16.38-07:00",
      "Id": -2147483648
    },
    {
      "Message": "For example the code below, used for interaction with Neo4j database, will not work since Neo4jClient library is written in C# and it needs the NewExpression.Members property to be filled out to construct the return type.\nThis effectively makes using F# with Neo4j very cumbersome as Tuples cannot be used for what they were designed to do i.e. to return more than one object from a function.\r\n\r\n```\nlet results = client.Cypher\n   .OptionalMatch(\"n-[r]-()\")\n   .Delete(\"n, r\")\n   .Return(fun n r -> n.CountDistinct(), r.CountDistinct()) // this brakes on the side of C# library\n   .Results\n   .Single()\n```",
      "PostedDate": "2014-05-25T05:45:37.167-07:00",
      "Id": -2147483648
    },
    {
      "Message": "Have you tried this in F# 3.0?  The F# 2.0 LINQ power pack support got revised and added to F# 3.0 in a different form.",
      "PostedDate": "2014-05-28T07:45:25.82-07:00",
      "Id": -2147483648
    },
    {
      "Message": "I work with F#3.1 in VS2013U2, NewExpression.Members is still null for Tuples - do not know about Record Types, I did not test those.\r\n\r\nAs a workaround, I extended the Neo4jClient library to manually add the missing information so now it is working as expected: https://github.com/n074v41l4bl34u/Neo4jClient/commit/3c91319380c1b5c88c55ea3307c4e8ed7bc7fe5e#diff-9077eac1c7cfb1d7fbe7732415577f5e (lines 142-158)",
      "PostedDate": "2014-05-28T15:29:08.71-07:00",
      "Id": -2147483648
    },
    {
      "Message": "As you said you know it, the SQL translation does not know how to handle tuple. And as a programmer of [Essay Writing Companies](http://www.Aoneessays.net/) F# is new for me it will be easy to understand.",
      "PostedDate": "2016-05-12T03:31:42.797-07:00",
      "Id": -2147483648
    }
  ]
}