{
  "WorkItem": {
    "AffectedComponent": {
      "Name": "",
      "DisplayName": ""
    },
    "ClosedComment": "Closing old suggestions since the PowerPack functionality in this drop of the PowerPack will not be expanded from this point.\n\nSome requests for changes in functionality are also being closed for the same reason. \n\nNew functionality can be discussed in the versions of this code on GitHub:\n\n    http://github.com/fsharp/fsharpx\n    http://github.com/fsharp/powerpack\n\nand the Math.NET F# support, for Matrix functionality.",
    "ClosedDate": "2013-05-29T07:28:27.81-07:00",
    "CommentCount": 0,
    "Custom": null,
    "Description": "Per a thread on the discussion pages - there was a request to allow fshtmldoc.exe to have a flag indicating where the xml file should be read from.",
    "LastUpdatedDate": "2013-05-29T07:28:27.81-07:00",
    "PlannedForRelease": "",
    "ReleaseVisibleToPublic": false,
    "Priority": {
      "Name": "Low",
      "Severity": 50,
      "Id": 1
    },
    "ProjectName": "fsharppowerpack",
    "ReportedDate": "2010-03-01T16:59:03.927-08:00",
    "Status": {
      "Name": "Closed",
      "Id": 4
    },
    "ReasonClosed": {
      "Name": "External"
    },
    "Summary": "Allow fshtmldoc.exe to look for .xml file in a location other than that of the .dll/.exe",
    "Type": {
      "Name": "Feature",
      "Id": 1
    },
    "VoteCount": 2,
    "Id": 4051
  },
  "FileAttachments": [],
  "Comments": [
    {
      "Message": "What exactly are we trying to enable here?",
      "PostedDate": "2010-04-15T14:15:10.94-07:00",
      "Id": -2147483648
    },
    {
      "Message": "",
      "PostedDate": "2011-03-21T15:23:05.69-07:00",
      "Id": -2147483648
    },
    {
      "Message": "",
      "PostedDate": "2012-10-31T12:26:41.847-07:00",
      "Id": -2147483648
    },
    {
      "Message": "",
      "PostedDate": "2013-02-21T16:25:07.53-08:00",
      "Id": -2147483648
    },
    {
      "Message": "",
      "PostedDate": "2013-05-29T07:28:27.81-07:00",
      "Id": -2147483648
    }
  ]
}