{
  "WorkItem": {
    "AffectedComponent": {
      "Name": "",
      "DisplayName": ""
    },
    "ClosedComment": "Use matrix [[]]",
    "ClosedDate": "2013-05-24T09:24:36.607-07:00",
    "CommentCount": 0,
    "Custom": null,
    "Description": "Matrix.create 0 0 0.0 works but this does not:\n \n> matrix[];;\nSystem.ArgumentException: unexpected empty list\nParameter name: xss\n   at Microsoft.FSharp.Math.GenericImpl.listDenseMatrixGU[a](FSharpOption`1 ops, FSharpList`1 xss)\n   at Microsoft.FSharp.Math.GenericImpl.seqDenseMatrixGU[a,b](FSharpOption`1 ops, IEnumerable`1 xss)\n   at Microsoft.FSharp.Math.MatrixModule.ofSeq[?](IEnumerable`1 xss)\n   at <StartupCode$FSI_0011>.$FSI_0011.main@()\nStopped due to error",
    "LastUpdatedDate": "2013-05-24T09:24:37.16-07:00",
    "PlannedForRelease": "",
    "ReleaseVisibleToPublic": false,
    "Priority": {
      "Name": "Low",
      "Severity": 50,
      "Id": 1
    },
    "ProjectName": "fsharppowerpack",
    "ReportedDate": "2012-02-03T13:59:26.597-08:00",
    "Status": {
      "Name": "Closed",
      "Id": 4
    },
    "ReasonClosed": {
      "Name": "By Design"
    },
    "Summary": "Matrix[] does not work",
    "Type": {
      "Name": "Issue",
      "Id": 3
    },
    "VoteCount": 1,
    "Id": 6741
  },
  "FileAttachments": [],
  "Comments": []
}