{
  "WorkItem": {
    "AffectedComponent": {
      "Name": "",
      "DisplayName": ""
    },
    "ClosedComment": "Closing old suggestions since the PowerPack functionality in this drop of the PowerPack will not be expanded from this point.\n\nSome requests for changes in functionality are also being closed for the same reason. \n\nNew functionality can be discussed in the versions of this code on GitHub:\n\n    http://github.com/fsharp/fsharpx\n    http://github.com/fsharp/powerpack\n\nand the Math.NET F# support, for Matrix functionality.",
    "ClosedDate": "2013-05-29T07:28:37.07-07:00",
    "CommentCount": 0,
    "Custom": null,
    "Description": "From: Jeffrey Sax [mailto:jeffrey@extremeoptimization.com] \nSent: Friday, June 13, 2008 5:31 AM\nTo: FSharp Bug Reports\nSubject: Suggestion: Internal representation of FSharp.Math.DenseMatrix<T>\n \nThe .NET 1.1 version uses a linear (1D) array to store the elements of a dense matrix.\nThe .NET 2.0 version uses a 2D array to store the elements of a dense matrix.\n \nMy suggestion is to always use a 1D array. Because this implementation exists already, it should take minimal effort to make this change. The benefits are:\n1.\tPerformance: Element access is about twice as fast for linear storage.\n2.\tPerformance: It is possible to access row and column vectors as well as submatrices in a uniform way without copying.\n3.\tPortability: “Legacy” API’s (i.e. BLAS and LAPACK) work uniformly with 1D arrays. There is just no easy way to make this work with 2D arrays. (This goes hand in hand with 2: many algorithms use BLAS routines on parts of matrices)\n4.\tPortability: 2D arrays are not CLS compliant.\n \nI am aware that this would probably break some code that is out there right now. However:\n1.\tThe internal representation is an implementation detail. It shouldn’t even be visible to the outside.\n2.\tThe fix is really easy: apply indexing to the matrix directly instead of to its arrDM field.\n3.\tThere is other code that would work instantly with the 1D implementation. \n \nPoint 3 is of particular interest to me. ;o)\n \nFYI, we’ve been using an architecture similar to what’s in FSharp.Math.Providers in our numerical libraries since the very beginning.\n \nJeffrey Sax\nExtreme Optimization\nhttp://www.extremeoptimization.com",
    "LastUpdatedDate": "2013-05-29T07:28:37.07-07:00",
    "PlannedForRelease": "",
    "ReleaseVisibleToPublic": false,
    "Priority": {
      "Name": "Low",
      "Severity": 50,
      "Id": 1
    },
    "ProjectName": "fsharppowerpack",
    "ReportedDate": "2010-08-31T21:12:19.34-07:00",
    "Status": {
      "Name": "Closed",
      "Id": 4
    },
    "ReasonClosed": {
      "Name": "External"
    },
    "Summary": "Suggestion: Internal representation of FSharp.Math.DenseMatrix<T>",
    "Type": {
      "Name": "Issue",
      "Id": 3
    },
    "VoteCount": 2,
    "Id": 5095
  },
  "FileAttachments": [],
  "Comments": []
}