{
  "WorkItem": {
    "AffectedComponent": {
      "Name": "",
      "DisplayName": ""
    },
    "ClosedComment": "",
    "ClosedDate": null,
    "CommentCount": 0,
    "Custom": null,
    "Description": "Hello,\n \nI just purchased the book Expert F#, installed the latest Visual Studio 2010 release (10.0.21006.1 B2Rel), and downloaded the code sample for the first F# program in chapter 2.  Unfortunately, it doesn't run because it cannot find String.split().  The error points me to the FSharp.PowerPack.  I downloaded the power pack & Visual Studio says that the assembly must be recompiled to work with this version of Visual Studio.  So, I downloaded the Power Pack source code to compile, and I receive an error that \"unmanaged\" is an unexpected identifier.\n \nThus, I'm a bit stuck.  Can you point me in the right direction?\n \nThanks,\nMike",
    "LastUpdatedDate": "2013-06-14T00:24:35.1-07:00",
    "PlannedForRelease": "February 2010",
    "ReleaseVisibleToPublic": false,
    "Priority": {
      "Name": "Low",
      "Severity": 50,
      "Id": 1
    },
    "ProjectName": "fsharppowerpack",
    "ReportedDate": "2010-02-12T16:48:13.587-08:00",
    "Status": {
      "Name": "Resolved",
      "Id": 7
    },
    "ReasonClosed": {
      "Name": "Unassigned"
    },
    "Summary": "Expert F# examples not working",
    "Type": {
      "Name": "Issue",
      "Id": 3
    },
    "VoteCount": 1,
    "Id": 3939
  },
  "FileAttachments": [],
  "Comments": [
    {
      "Message": "Hi Mike - \r\n\r\nSure thing.  This PowerPack release will work with the February 2010 and later releases of F#.  You can use either VS2010 RC, or the February 2010 F# CTP.  See http://msdn.microsoft.com/en-us/fsharp/cc835251.aspx for download details.  The Beta2 release you mention is older, and there is a corresponding F# PowerPack available for that release but I recommend moving to the newer F#.\r\n\r\nAs a note: Most of the samples from the Expert F# book do not actually require the F# PowerPack, and the first sample can be written without the PowerPack as this:\r\n\r\nlet wordCount (text :string) = \r\n    let words = text.Split [|' '|]\r\n    let wordSet = Set.ofArray words\r\n    let nWords = words.Length\r\n    let nDups = words.Length - wordSet.Count\r\n    (nWords, nDups)\r\n\r\nlet showWordCount text = \r\n    let nWords, nDups = wordCount text\r\n    printfn \"--> %d words in the text\" nWords\r\n    printfn \"--> %d duplicate words\" nDups\r\n\r\nThanks,\r\nLuke\r\n\r\n",
      "PostedDate": "2010-02-13T13:57:24.52-08:00",
      "Id": -2147483648
    },
    {
      "Message": "",
      "PostedDate": "2010-02-13T13:59:19.617-08:00",
      "Id": -2147483648
    },
    {
      "Message": "",
      "PostedDate": "2012-01-24T09:26:36.52-08:00",
      "Id": -2147483648
    },
    {
      "Message": "",
      "PostedDate": "2013-02-21T16:25:08.777-08:00",
      "Id": -2147483648
    },
    {
      "Message": "",
      "PostedDate": "2013-05-16T03:44:27.3-07:00",
      "Id": -2147483648
    },
    {
      "Message": "",
      "PostedDate": "2013-05-16T03:44:27.413-07:00",
      "Id": -2147483648
    },
    {
      "Message": "",
      "PostedDate": "2013-06-14T00:24:35.1-07:00",
      "Id": -2147483648
    }
  ]
}