{
  "WorkItem": {
    "AffectedComponent": {
      "Name": "",
      "DisplayName": ""
    },
    "ClosedComment": "",
    "ClosedDate": null,
    "CommentCount": 0,
    "Custom": "Fix ready",
    "Description": "From an email bug report:\n \nThe bug is in PermuteColumns function: \n \n    let u = matrix [ [1.;2.]; [3.;4.]; [5.;6.] ]   \n    \n    let u' = u.PermuteColumns (fun j -> j ) //u.NumCols - j - 1)\n \nThe above code generates IndexOutOfRangeException.",
    "LastUpdatedDate": "2013-06-14T00:24:33.34-07:00",
    "PlannedForRelease": "",
    "ReleaseVisibleToPublic": false,
    "Priority": {
      "Name": "Medium",
      "Severity": 100,
      "Id": 2
    },
    "ProjectName": "fsharppowerpack",
    "ReportedDate": "2010-04-02T07:57:24.797-07:00",
    "Status": {
      "Name": "Resolved",
      "Id": 7
    },
    "ReasonClosed": {
      "Name": "Unassigned"
    },
    "Summary": "Matrix PermuteColumns throws unexpected IndexOutOfRange exception",
    "Type": {
      "Name": "Issue",
      "Id": 3
    },
    "VoteCount": 2,
    "Id": 4296
  },
  "FileAttachments": [],
  "Comments": []
}