{
  "WorkItem": {
    "AffectedComponent": {
      "Name": "",
      "DisplayName": ""
    },
    "ClosedComment": "",
    "ClosedDate": null,
    "CommentCount": 0,
    "Custom": null,
    "Description": "I have been using FSharp 1.9.6.16 to access FSLex,FSYacc, and BigInt's among other things.  However, when I went to install on a new machine, I found that the PowerPack 1.9.9.9 is incompatible with FSharp 1.9.6.16.  I tried installing the most recent FSharp for Visual Studio 2008 along with the PowerPack, but that combination seems to have lost functionality (BigInt's in particular).\n \nSo .. does a PowerPack installer still exist for FSharp 1.9.6.16?  \n \nI tried to download the source to recompile it, but that appears to require a newer FSharp than 1.9.6.16.  Perhaps there's an older version of the source code around somewhere?\n \nIs there any other way for me to get my code compiling again with Visual Studio 2008?",
    "LastUpdatedDate": "2013-06-14T00:24:33.5-07:00",
    "PlannedForRelease": "February 2010",
    "ReleaseVisibleToPublic": false,
    "Priority": {
      "Name": "Low",
      "Severity": 50,
      "Id": 1
    },
    "ProjectName": "fsharppowerpack",
    "ReportedDate": "2010-03-26T14:29:34.82-07:00",
    "Status": {
      "Name": "Resolved",
      "Id": 7
    },
    "ReasonClosed": {
      "Name": "Unassigned"
    },
    "Summary": "Fsharp 1.9.6.16 incompatibility?",
    "Type": {
      "Name": "Issue",
      "Id": 3
    },
    "VoteCount": 1,
    "Id": 4253
  },
  "FileAttachments": [],
  "Comments": [
    {
      "Message": "The F# Powerpack on CodePlex will work with the 1.9.9.9 release of F# and any future releases.  If you are still using an older F# release, the PowerPack components are included along with those releases, and you will need to continue using those versions until you move to the newer F#.  Going forward, there will be no liitations of this kind.",
      "PostedDate": "2010-03-31T10:19:47.097-07:00",
      "Id": -2147483648
    },
    {
      "Message": "",
      "PostedDate": "2010-03-31T10:20:32.55-07:00",
      "Id": -2147483648
    },
    {
      "Message": "",
      "PostedDate": "2013-02-21T16:25:06.65-08:00",
      "Id": -2147483648
    },
    {
      "Message": "",
      "PostedDate": "2013-05-16T03:44:24.73-07:00",
      "Id": -2147483648
    },
    {
      "Message": "",
      "PostedDate": "2013-05-16T03:44:24.863-07:00",
      "Id": -2147483648
    },
    {
      "Message": "",
      "PostedDate": "2013-06-14T00:24:33.5-07:00",
      "Id": -2147483648
    }
  ]
}