{
  "WorkItem": {
    "AffectedComponent": {
      "Name": "",
      "DisplayName": ""
    },
    "ClosedComment": "Closing old suggestions since the PowerPack functionality in this drop of the PowerPack will not be expanded from this point.\n\nSome requests for changes in functionality are also being closed for the same reason. \n\nNew functionality can be discussed in the versions of this code on GitHub:\n\n    http://github.com/fsharp/fsharpx\n    http://github.com/fsharp/powerpack\n\nand the Math.NET F# support, for Matrix functionality.",
    "ClosedDate": "2013-05-29T07:28:25.747-07:00",
    "CommentCount": 0,
    "Custom": null,
    "Description": "Opened by lukeh (Bug 3666 - FSharp 1.0)\nThere have been many requests for an immutable array datastructure in F#.  There are lots of issues with having one as wel, such as:\n1) Name\n2) Already have too many basic collections - adding more makes F# less approachable, more confusing to use\n3) Really should be a .NET thing, unfortuante to have to put it in F#\n4) Would we expose in our APIs? If we had it, we'd probably want to return it instead of Array in amny places, but probably shouldn't due to 2.",
    "LastUpdatedDate": "2013-05-29T07:28:25.747-07:00",
    "PlannedForRelease": "",
    "ReleaseVisibleToPublic": false,
    "Priority": {
      "Name": "Low",
      "Severity": 50,
      "Id": 1
    },
    "ProjectName": "fsharppowerpack",
    "ReportedDate": "2010-08-31T21:16:01.123-07:00",
    "Status": {
      "Name": "Closed",
      "Id": 4
    },
    "ReasonClosed": {
      "Name": "External"
    },
    "Summary": "Suggestion: Introduce an immutable array datastructure",
    "Type": {
      "Name": "Issue",
      "Id": 3
    },
    "VoteCount": 4,
    "Id": 5098
  },
  "FileAttachments": [],
  "Comments": []
}