{
  "WorkItem": {
    "AffectedComponent": {
      "Name": "",
      "DisplayName": ""
    },
    "ClosedComment": "The F# power pack matrix library won't be updated with further new functionality. Unitized math functionality could be added to Math.NET's F# support.",
    "ClosedDate": "2013-05-24T09:28:26.493-07:00",
    "CommentCount": 0,
    "Custom": null,
    "Description": "PS Bug ID-2703a",
    "LastUpdatedDate": "2013-05-24T09:28:27.07-07:00",
    "PlannedForRelease": "",
    "ReleaseVisibleToPublic": false,
    "Priority": {
      "Name": "Low",
      "Severity": 50,
      "Id": 1
    },
    "ProjectName": "fsharppowerpack",
    "ReportedDate": "2010-08-31T21:13:54.283-07:00",
    "Status": {
      "Name": "Closed",
      "Id": 4
    },
    "ReasonClosed": {
      "Name": "Unassigned"
    },
    "Summary": "Suggestion: Augment Matrix library with units",
    "Type": {
      "Name": "Issue",
      "Id": 3
    },
    "VoteCount": 1,
    "Id": 5096
  },
  "FileAttachments": [],
  "Comments": [
    {
      "Message": "Why? Units are lost in compilation, and would not be visible/usable in client code.",
      "PostedDate": "2010-11-04T15:43:04.12-07:00",
      "Id": -2147483648
    },
    {
      "Message": "",
      "PostedDate": "2013-02-21T16:25:02.113-08:00",
      "Id": -2147483648
    },
    {
      "Message": "",
      "PostedDate": "2013-05-24T09:28:26.493-07:00",
      "Id": -2147483648
    },
    {
      "Message": "",
      "PostedDate": "2013-05-24T09:28:27.07-07:00",
      "Id": -2147483648
    }
  ]
}