{
  "WorkItem": {
    "AffectedComponent": {
      "Name": "",
      "DisplayName": ""
    },
    "ClosedComment": "",
    "ClosedDate": null,
    "CommentCount": 0,
    "Custom": null,
    "Description": "let f1 = <@ fun (i:int) -> i  @>\n<@ System.Func<_,_>(%f1) @>\nbegets the equivalent of\n<@ System.Func<_,_(fun arg -> (fun i -> i) arg) @>\nand the translation of that by current ToLinqExpression result in multiple ToFSharpFunc/FromFSharpFunc conversions which choke Linq providers (i.e. the following does not work very well:\nlet filter (f : Expr<'T -> bool>) (q : IQueryable<'T>) =\n    q.Where(<@System.Func(%f)@>.ToLinqExpression())",
    "LastUpdatedDate": "2013-02-21T16:25:05.613-08:00",
    "PlannedForRelease": "",
    "ReleaseVisibleToPublic": false,
    "Priority": {
      "Name": "Medium",
      "Severity": 100,
      "Id": 2
    },
    "ProjectName": "fsharppowerpack",
    "ReportedDate": "2010-05-07T10:43:32.44-07:00",
    "Status": {
      "Name": "Active",
      "Id": 2
    },
    "ReasonClosed": {
      "Name": "Unassigned"
    },
    "Summary": "ToLinqExpression should simplify the results of splicing into delegate constructor",
    "Type": {
      "Name": "Issue",
      "Id": 3
    },
    "VoteCount": 2,
    "Id": 4468
  },
  "FileAttachments": [],
  "Comments": []
}