{
  "WorkItem": {
    "AffectedComponent": {
      "Name": "",
      "DisplayName": ""
    },
    "ClosedComment": "",
    "ClosedDate": null,
    "CommentCount": 0,
    "Custom": null,
    "Description": "The PSeq.map function does not seem to be order preserving:\n \n  let u = [|1N..10000000N|]\n  u |> PSeq.map (fun n -> n / (1N + n)) |> Array.ofSeq\n  val it : BigRational [] =\n    [|6250001/6250002N; 8750001/8750002N; 1/2N; ...\n \na workaround for this can be:\n \n   u \n   |> System.Linq.ParallelEnumerable.AsParallel  \n   |> System.Linq.ParallelEnumerable.AsOrdered \n   |> PSeq.map (fun n -> n / (1N + n)) \n   |> Array.ofSeq",
    "LastUpdatedDate": "2013-02-21T16:25:04.037-08:00",
    "PlannedForRelease": "",
    "ReleaseVisibleToPublic": false,
    "Priority": {
      "Name": "Medium",
      "Severity": 100,
      "Id": 2
    },
    "ProjectName": "fsharppowerpack",
    "ReportedDate": "2010-06-08T16:55:07.457-07:00",
    "Status": {
      "Name": "Active",
      "Id": 2
    },
    "ReasonClosed": {
      "Name": "Unassigned"
    },
    "Summary": "PSeq.map returning incorrect results",
    "Type": {
      "Name": "Issue",
      "Id": 3
    },
    "VoteCount": 2,
    "Id": 4618
  },
  "FileAttachments": [],
  "Comments": []
}