{
  "WorkItem": {
    "AffectedComponent": {
      "Name": "",
      "DisplayName": ""
    },
    "ClosedComment": "Closing old suggestions since the PowerPack functionality in this drop of the PowerPack will not be expanded from this point.\n\nSome requests for changes in functionality are also being closed for the same reason. \n\nNew functionality can be discussed in the versions of this code on GitHub:\n\n    http://github.com/fsharp/fsharpx\n    http://github.com/fsharp/powerpack\n\nand the Math.NET F# support, for Matrix functionality.",
    "ClosedDate": "2013-05-29T07:28:26.483-07:00",
    "CommentCount": 0,
    "Custom": null,
    "Description": "I recently needed to try one pattern match and then try a second one and accept the longest accepted string of tokens, (in this case chars).  \nMy problem was that the second pattern match consisted of applying input tokens against a trie and either failing or finding a matching string in the trie.  \nThe reason for using a trie instead of a set was that there could be non-unique prefixes in the match and also there could be matching partial strings of tokens that matched a member of a set without reaching whitespace in the token stream.  I had originally tried matching a general class of tokens then within the action for that class, looking for membership in a set; later I tried matching against the trie.  However the problem came when there were several consecutive trie matches without whitespace between them.  In other words I could not identify a class of input tokens that would be either a single match against the trie or a single match against some other class of token, such as a variable or type identifier.\n \nHere is an example of typical elements of the trie:\n\"\\<longleftrightarrow>\"; \"\\<longrightarrow>\"; \"\\<Longrightarrow>\";  \"\\<Rightarrow>\"; \" \\<struct>\";  \"\\<rbrakk>\";  \"\\<lbrakk>\";  \"\\<lambda>\"; \" \\<forall>\";\n\" \\<exists>\";\" \\<exists>!\";\" \\<noteq>\";\" \\<index>\";\" \\<equiv>\";\" \\<^esub>\";\" \\<^bsub>\";\" \\<Colon>\";\" \\<dots>\";\" \\<^sub>\";\" \\<not>\";\" \\<and>\";\" \\<And>\";\" \\<or>\";\n\"~\"; \"~=\";\" }\";\"|\";\"|]\"; \"{\"; \"{}\"; \"op\";  \"_\"; \"]\"; \"[\"; \"[|\"; \"XCONST\"; \"TYPE\"; \"TERM\"; \"SORT_CONSTRAINT\";  \"PROP\"; \"OFCLASS\"; \"EX\"; \"EX!\"; \"CONST\"; \"ALL\";  \"=\";  \"=>\";\n \"==\"; \"==>\"; \"<->\";  \";\"; \"::\"; \".\"; \"...\"; \"-->\"; \",\"; \")\";  \"(\";  \"&\"; \"&&&\";  \"%\"; \"!!\";\n \nHere is a typical expression that might be lexed\n\"EX x. P(x) \\<Longrightarrow> (!!x y. [| P(x); P(y) |] ==> x=y) \\<Longrightarrow> EX! x. P(x)\"\n \nan additional complication is that as the parser is executing statements the contents of the trie could change dynamically.\n \n \nThe general Algorithm I wanted to achieve was as follows\n1. Save lexbuffer state\n2. perform a pattern match on a defined pattern \n3. Save resulting state\n4. restore initial state of lexbuffer\n5. perform a trie match\n6. compare lengths of each match \n7. set the lexbuffer state to appropriate end state \n8. resume lexing\n \n \nTherefore the first thing I had to be able to do was to save and restore the mutable state of the LexBuffer class.\nTo break this up into manageable segments I will detail the solution to saving and restoring lexBuffer state to the next entry",
    "LastUpdatedDate": "2013-05-29T07:28:26.483-07:00",
    "PlannedForRelease": "",
    "ReleaseVisibleToPublic": false,
    "Priority": {
      "Name": "Low",
      "Severity": 50,
      "Id": 1
    },
    "ProjectName": "fsharppowerpack",
    "ReportedDate": "2010-02-13T14:32:03.983-08:00",
    "Status": {
      "Name": "Closed",
      "Id": 4
    },
    "ReasonClosed": {
      "Name": "External"
    },
    "Summary": "Using a custom function as a pattern matcher",
    "Type": {
      "Name": "Feature",
      "Id": 1
    },
    "VoteCount": 1,
    "Id": 3943
  },
  "FileAttachments": [],
  "Comments": [
    {
      "Message": "The LexBuffer type is defined in the file prim_lexing.fs\r\nthe LexBuffer class is sealed but I copied the file into a seperate project along with the lexing.fs file and created a class LexBuffer in my own Namespace so it would not clash with the 'Microsoft.FSharp' version.  \r\n\r\nExaminig the internals of the class showed that there were 10 mutable data fields in the class.  Therefore I assumed that as long as I had a handle on a lexbuffer object that if I could control these ten mutable items I would have total control over the internal state of the type.\r\nI therefore created a new Type called lexstate: \r\n\r\nLexState<'char> = \r\n       {\r\n       context :  Dictionary<string,obj>;\r\n       buffer :   'char[];\r\n       bufferMaxScanLength: int;\r\n       bufferScanStart : int;\r\n       bufferScanLength:int;\r\n       lexemeLength : int;\r\n       bufferAcceptAction : int\r\n       eof : bool;\r\n       startPos :   Microsoft.FSharp.Text.Lexing.Position;\r\n       endPos : Microsoft.FSharp.Text.Lexing.Position\r\n       }\r\n\r\nand added two functions to the definition of LexBuffer\r\nThe firwst was SaveState() which returned a LexState object with the current state of the buffer.  You must make sure that you copy the Dictionay and the buffer insterad of just getting a reference to the underlying object. \r\nThe other was RestoreState that took a LexState object and copied the state back into the LexBuffer.\r\nimplementations are as follows.\r\n\r\n///save LexBuf mutable state \r\n        member lexbuf.SaveState() = \r\n           {\r\n            context = new Dictionary<string,obj>(context);\r\n            buffer = Array.init (buffer.Length) (fun i -> buffer.[i]);\r\n            bufferMaxScanLength = bufferMaxScanLength;\r\n            bufferScanStart = bufferScanStart;\r\n            bufferScanLength = bufferScanLength;\r\n            lexemeLength = lexemeLength;\r\n            bufferAcceptAction = bufferAcceptAction;\r\n            eof = eof;\r\n            startPos = startPos;\r\n            endPos = endPos;\r\n           }\r\n        ///restore LexBuffer State\r\n        member lexbuf.RestoreState (st:LexState<'char>) = \r\n           let _ = List.map (fun (k,v) -> context.Add(k,v)) (List.zip (st.context.Keys |> Seq.toList) \r\n                      (st.context.Values |> Seq.toList))\r\n           lexbuf.Buffer <- st.buffer;\r\n           lexbuf.BufferMaxScanLength <- st.bufferMaxScanLength;\r\n           lexbuf.BufferScanStart <- st.bufferScanStart;\r\n           lexbuf.BufferScanLength <- st.bufferScanLength;\r\n           lexbuf.LexemeLength <- st.lexemeLength;\r\n           lexbuf.BufferAcceptAction <- st.bufferAcceptAction;\r\n           lexbuf.IsPastEndOfStream <- st.eof;\r\n           lexbuf.StartPos <- st.startPos;\r\n           lexbuf.EndPos <- st.endPos;\r\n        \r\n\r\nNow my only remaining problem was manipulating the lexBuffer during the cours opf my Custom Function to read chars and then when I finished to restart the normal course of Lexing.  This will be in my Next Comment.",
      "PostedDate": "2010-02-13T14:43:13.98-08:00",
      "Id": -2147483648
    },
    {
      "Message": "In order to use the chars in the LexBuffer I needed to be able to pull the next char form the buffer or if necessary push a char that turned out ot be unused back onto the lexBuffer  After some experimentation and much examination of the existing Code I came up with the following two functions to add to the LexBuffer definition.\r\n\r\n///Access next char in buffer and adjust buffer position pointers   \r\nmember lexbuf.PullChar() = \r\n           let c = (lexbuf.Buffer.[lexbuf.BufferScanPos - 1])\r\n           lexbuf.BufferScanLength <- min (lexbuf.BufferScanLength + 1) (Array.length buffer);\r\n           lexbuf.LexemeLength <- min (lexbuf.LexemeLength + 1) (Array.length buffer)\r\n           c\r\n///replace char in buffer by adjusting buffer position pointers\r\nmember lexbuf.PushChar() = \r\n           lexbuf.BufferScanLength <- max (lexbuf.BufferScanLength - 1) 0;\r\n           lexbuf.LexemeLength <- max (lexbuf.LexemeLength - 1) 0\r\n\r\nNow came the problem of restarting the normal course of scanner operation examining the Code produced by the Flex program for my Lexxer definition showed that the result code of 0 indicated that the scanner was finished with a production and was returning to try the next production.  The Interpret function in AsciiTables needed to be informed that we were exiting a Custom Scanner Function so I added a boolean that could be set in the Lexing code that indicated we were finishing a custom scan.  This would force the setting aof the BufferAcceptAction to 0 and would force the Interpret function to call the EndOfScan() function instead of accepting anther input token.  The resulting Interpret Function looks as follows:\r\n\r\nmember tables.Interpret(initialState,lexBuffer : LexBuffer<byte>) = \r\n     let rec scanUntilSentinel state =\r\n           let sentinel = 255 * 256 + 255 \r\n           // Return an endOfScan after consuming the input \r\n           let a = if lexBuffer.ExitCustomScan then 0 else int accept.[state] \r\n           if a <> sentinel then onAccept (lexBuffer,a)\r\n                \r\n           if lexBuffer.BufferScanLength >= lexBuffer.BufferMaxScanLength then \r\n               if not lexBuffer.NoRefill then \r\n                   let _ = lexBuffer.DiscardInput();\r\n                       lexBuffer.RefillBuffer ();\r\n                    else ()\r\n                  // end of file occurs if we couldn't extend the buffer \r\n                    afterRefill (trans,sentinel,lexBuffer,scanUntilSentinel,lexBuffer.EndOfScan,state,256 (* == EOF *) )\r\n                else\r\n                    // read a character - end the scan if there are no further transitions \r\n                    try\r\n                       if lexBuffer.ExitCustomScan \r\n                       then  \r\n                          lexBuffer.ExitCustomScan  <- false;\r\n                          lexBuffer.EndOfScan()\r\n                       else\r\n                          let inp =  int(lexBuffer.Buffer.[lexBuffer.BufferScanPos])\r\n                       \r\n                          let snew = int trans.[state].[inp] \r\n                          if snew = sentinel then \r\n                              lexBuffer.EndOfScan()\r\n                          else \r\n                              let _ = lexBuffer.BufferScanLength <- lexBuffer.BufferScanLength + 1;\r\n                              // Printf.printf \"state %d --> %d on '%c' (%d)\\n\" state snew (Char.chr inp) inp;\r\n                              scanUntilSentinel snew \r\n                    with _ ->  \r\n                       lexBuffer.BufferAcceptAction <- 0;\r\n                       lexBuffer.EndOfScan()\r\n\r\n            startInterpret(lexBuffer)\r\n            scanUntilSentinel initialState\r\n\r\nI now had the ability to Save and Rstore Buffer State and sinal the buffer to resume its ordinary operation.\r\nIn my next Post I will show the resulting Code to use these capabilities inside a Lexer.",
      "PostedDate": "2010-02-13T15:00:49.983-08:00",
      "Id": -2147483648
    },
    {
      "Message": "First here is the custom Function upon which I wanted to match the contents of the LexBuffer\r\n\r\n///examine lexbuf and return the longest lexicon literal that matches head of lexbuf\r\n   let lex_lit (lexbuf:LexBuffer<byte>) = \r\n      let finish opt = \r\n         match opt with \r\n         | Some (res, (lexbuf:LexBuffer<byte>)) -> \r\n             let _ = lexbuf.PushChar()\r\n             Some(List.rev res, lexbuf)\r\n         | _ -> None\r\n\r\n      let rec scan path res (lex:Scan.lexicon) (lexbuf:LexBuffer<byte>) =       \r\n        let tab = lex.Dest\r\n        if lexbuf.IsPastEndOfStream \r\n        then if tab.isEmpty then finish res else None\r\n        else\r\n           //let c1 = lexeme lexbuf\r\n           let c = new String((char)(lexbuf.PullChar()), 1)\r\n           match tab.Lookup c with\r\n           | Some(tip, lex1) -> \r\n               let path' = c :: path\r\n               if tip && lexbuf.IsPastEndOfStream then finish (Some(path', lexbuf))\r\n               else scan path' (if tip then Some(path', lexbuf) else res) lex1 lexbuf \r\n           | None -> \r\n               let _ = lexbuf.PushChar()\r\n               finish res\r\n                   \r\n      scan [] None !lexicon lexbuf\r\n\r\nThe lexicon is a Table of tables implementing a trie.  \r\ndefined as follows\r\ntype lexicon = Lexicon of (bool * lexicon) SymTab\r\n\r\nwhere SymTab is a Table keyed on strings in this case the set of chars found at this position in the trie\r\nthe bool flag indicates that this is  a completed string.  As you can see in the code above when examining the Trie we return the longest matching string that is flagged as a valid expression.\r\n\r\nIn the productions I established a catchall production for the last called match at the top level.  I also created a sub lexer that identified either an Id or a compund Id and named it identifier.\r\n\r\nI then performed the following code when all other patterns were exhausted\r\n\r\n| _               { \r\n\r\n\t                   //find lexicon entries and try to identify identifiers  \r\n\t\t   //return longest match found; tie goes to lexicon \r\n\t\t   let lex_state = lexbuf.SaveState()\r\n                                   //place matching char for this production back in buffer to send to Identifier match\r\n\t\t   let _ = lexbuf.PushChar()\r\n                                   //find possible Identifier\r\n\t\t   let str_id = (identifier lexbuf.StartPos \"\" lexbuf)\r\n\t\t   let lex_state1 = lexbuf.SaveState()\r\n\t\t   let _ = lexbuf.RestoreState(lex_state)\r\n\t\t   let str_lex = \r\n\t\t        match lex_lit lexbuf with \r\n\t\t         | Some(str, lex_buf) -> MetaL.Base.String.implode str\r\n\t\t         | None -> String.Empty\r\n\r\n\t\t   if str_id = String.Empty && str_lex = String.Empty\r\n\t\t   then \r\n\t\t      //neither lex lit nor id was found\r\n\t\t      //restore to initial state and call error\r\n\t\t      let _ = lexbuf.RestoreState(lex_state)\r\n\t\t      let str = error (lexbuf.StartPos) \"\" lexbuf\r\n\t\t      mkToken Error str (lexbuf.StartPos) (lexbuf.EndPos)\r\n\r\n\t\t   elif str_id.Length > str_lex.Length \r\n\t\t   then \r\n\t\t       //id found restore lexstate to that after id found\r\n\t\t       let _ = lexbuf.RestoreState(lex_state1)\r\n                                       //determine whether Identifier is a compund id\r\n\t\t       if (str_id.Contains(\".\"))\r\n\t\t       then mkToken LongIdentSy (lexeme lexbuf) (lexbuf.StartPos) (lexbuf.EndPos)\r\n\t\t       else mkToken IdentSy (lexeme lexbuf) (lexbuf.StartPos) (lexbuf.EndPos)\r\n\t\t   else\r\n\t\t      //lex_state is already valid for lexicon literal scan\r\n\t\t      let _ = lexbuf.ExitCustomScan <- true  //signal end of custom scan\r\n\t\t      mkToken Literal (str_lex) (lexbuf.StartPos) (lexbuf.EndPos)     \t\t\t\t\t\t             \r\n\t                  }  \r\n\r\nAss I was not using the Asynch or Unicode Interpreters I have only implemented the required changes in the AsciiTables non-assynchronous code.  But the corresponding changes should be simple to make in the other code branches.  I would appreciate any comments and or discussion.  One other note it seems that the underlying Codeplex site is not placing these commetns in order so please try to unravel the order.  Eaxh comment has been as near as I can tell independent to a certain extent from the other comments.  ",
      "PostedDate": "2010-02-13T15:24:03.01-08:00",
      "Id": -2147483648
    },
    {
      "Message": "",
      "PostedDate": "2010-02-13T15:27:54.577-08:00",
      "Id": -2147483648
    },
    {
      "Message": "To View the comments in the proper order select oldest on top. If this is the first comment you see then you need to change the order to make sense of the other comments.  My apologies for the numerous typos.  I created all this very hurriedly and Microsoft keeps turning the lights off in my office so I am typing mostly in the dark.",
      "PostedDate": "2010-02-13T15:36:06.68-08:00",
      "Id": -2147483648
    },
    {
      "Message": "",
      "PostedDate": "2010-03-31T10:13:28.177-07:00",
      "Id": -2147483648
    },
    {
      "Message": "",
      "PostedDate": "2013-02-21T16:25:08.607-08:00",
      "Id": -2147483648
    },
    {
      "Message": "",
      "PostedDate": "2013-05-29T07:28:26.483-07:00",
      "Id": -2147483648
    }
  ]
}