{
  "WorkItem": {
    "AffectedComponent": {
      "Name": "",
      "DisplayName": ""
    },
    "ClosedComment": "",
    "ClosedDate": null,
    "CommentCount": 0,
    "Custom": null,
    "Description": "In trying to build a search facility for the F# libraries in response to a question on StackOverflow (http://stackoverflow.com/questions/2253730/does-f-documentation-have-a-way-to-search-for-functions-by-their-types/2253778) I ran into a an issue with the Metadata library.  It seems like there is no easy way to check if two FSharpEntities are the same.  For example, the following code returns false\n \nlet unitName = \"Microsoft.FSharp.Core.unit\"\nlet getEntity = FSharpAssembly.FSharpLibrary.GetEntity\n(getEntity unitName) = (getEntity unitName)\n \nIt's possible to hack something together, but without a deep understanding of the internals it's easy to miss odd corner cases (such as the []`1 type).  It seems like this would best be handled at the library level.\n \nThanks,\nKeith",
    "LastUpdatedDate": "2013-06-14T00:24:34.943-07:00",
    "PlannedForRelease": "",
    "ReleaseVisibleToPublic": false,
    "Priority": {
      "Name": "Medium",
      "Severity": 100,
      "Id": 2
    },
    "ProjectName": "fsharppowerpack",
    "ReportedDate": "2010-02-15T08:22:47.443-08:00",
    "Status": {
      "Name": "Resolved",
      "Id": 7
    },
    "ReasonClosed": {
      "Name": "Unassigned"
    },
    "Summary": "Provide method for determining whether two FSharpEntities are identical",
    "Type": {
      "Name": "Issue",
      "Id": 3
    },
    "VoteCount": 3,
    "Id": 3951
  },
  "FileAttachments": [],
  "Comments": [
    {
      "Message": "#46019",
      "PostedDate": "2010-05-03T17:33:04.23-07:00",
      "Id": -2147483648
    },
    {
      "Message": "",
      "PostedDate": "2011-03-21T15:23:03.727-07:00",
      "Id": -2147483648
    },
    {
      "Message": "",
      "PostedDate": "2012-10-31T12:26:41.847-07:00",
      "Id": -2147483648
    },
    {
      "Message": "",
      "PostedDate": "2013-02-21T16:25:08.253-08:00",
      "Id": -2147483648
    },
    {
      "Message": "",
      "PostedDate": "2013-05-16T03:44:27.02-07:00",
      "Id": -2147483648
    },
    {
      "Message": "",
      "PostedDate": "2013-05-16T03:44:27.14-07:00",
      "Id": -2147483648
    },
    {
      "Message": "",
      "PostedDate": "2013-06-14T00:24:34.943-07:00",
      "Id": -2147483648
    }
  ]
}