{
  "WorkItem": {
    "AffectedComponent": {
      "Name": "",
      "DisplayName": ""
    },
    "ClosedComment": "",
    "ClosedDate": null,
    "CommentCount": 0,
    "Custom": null,
    "Description": "A potential bug in the F# CodeDOM implementation the was reported on StackOverflow: http://stackoverflow.com/questions/2733415/fsharp-core-sigdata-not-found-alongside-fsharp-core.",
    "LastUpdatedDate": "2014-10-27T06:31:27.023-07:00",
    "PlannedForRelease": "",
    "ReleaseVisibleToPublic": false,
    "Priority": {
      "Name": "Low",
      "Severity": 50,
      "Id": 1
    },
    "ProjectName": "fsharppowerpack",
    "ReportedDate": "2010-05-02T15:47:51.56-07:00",
    "Status": {
      "Name": "Active",
      "Id": 2
    },
    "ReasonClosed": {
      "Name": "Unassigned"
    },
    "Summary": "FSharp.Core.sigdata not found alongside FSharp.Core",
    "Type": {
      "Name": "Issue",
      "Id": 3
    },
    "VoteCount": 6,
    "Id": 4449
  },
  "FileAttachments": [],
  "Comments": []
}