{
  "WorkItem": {
    "AffectedComponent": {
      "Name": "",
      "DisplayName": ""
    },
    "ClosedComment": "Closing old suggestions since the PowerPack functionality in this drop of the PowerPack will not be expanded from this point.\n\nSome requests for changes in functionality are also being closed for the same reason. \n\nNew functionality can be discussed in the versions of this code on GitHub:\n\n    http://github.com/fsharp/fsharpx\n    http://github.com/fsharp/powerpack\n\nand the Math.NET F# support, for Matrix functionality.",
    "ClosedDate": "2013-05-29T07:28:31.663-07:00",
    "CommentCount": 0,
    "Custom": null,
    "Description": "Using the PowerPack built against .NET 2.0 on a machine with .NET 4.0 installed (2.0/3.5 may or may not also be installed, doesn't matter):\n \n#r \"FSharp.Powerpack.dll\"\n#r \"FSharp.PowerPack.Compatibility.dll\"\n \nlet x = lazy(1)    \nLazy.force x\n \nwill result in an error like:\n \nerror FS0193: The module/namespace 'System' from compilation unit 'FSharp.Core' did not contain the val '{MemberParentMangledName = Some \"Lazy`1\";\n MemberIsOverride = false;\n LogicalName = \"get_Value\";\n TotalArgCount = 1;}'",
    "LastUpdatedDate": "2013-05-29T07:28:31.663-07:00",
    "PlannedForRelease": "",
    "ReleaseVisibleToPublic": false,
    "Priority": {
      "Name": "Low",
      "Severity": 50,
      "Id": 1
    },
    "ProjectName": "fsharppowerpack",
    "ReportedDate": "2010-05-25T16:59:58.7-07:00",
    "Status": {
      "Name": "Closed",
      "Id": 4
    },
    "ReasonClosed": {
      "Name": "External"
    },
    "Summary": "Cannot use Microsoft.FSharp.Compatability.Lazy methods on System.Lazy values",
    "Type": {
      "Name": "Issue",
      "Id": 3
    },
    "VoteCount": 3,
    "Id": 4550
  },
  "FileAttachments": [],
  "Comments": [
    {
      "Message": "Seems to have only started since I installed .NET 4.5RC, and only on release compile, not on debug compile",
      "PostedDate": "2012-08-21T15:48:12.78-07:00",
      "Id": -2147483648
    },
    {
      "Message": "",
      "PostedDate": "2012-09-02T07:52:39.08-07:00",
      "Id": -2147483648
    },
    {
      "Message": "",
      "PostedDate": "2013-02-21T16:25:04.36-08:00",
      "Id": -2147483648
    },
    {
      "Message": "",
      "PostedDate": "2013-05-29T07:28:31.663-07:00",
      "Id": -2147483648
    }
  ]
}