{
  "WorkItem": {
    "AffectedComponent": {
      "Name": "",
      "DisplayName": ""
    },
    "ClosedComment": "Closing old suggestions since the PowerPack functionality in this drop of the PowerPack will not be expanded from this point.\n\nSome requests for changes in functionality are also being closed for the same reason. \n\nNew functionality can be discussed in the versions of this code on GitHub:\n\n    http://github.com/fsharp/fsharpx\n    http://github.com/fsharp/powerpack\n\nand the Math.NET F# support, for Matrix functionality.",
    "ClosedDate": "2013-05-29T07:28:52.303-07:00",
    "CommentCount": 0,
    "Custom": null,
    "Description": "Notice that a directory delimeter is added on the end in Ocaml, but not in F#.\n \nEasy to fix bug, but rather big consequence when porting\n \nBug in C:\\Program Files (x86)\\FSharpPowerPack-2.0.0.0\\bin\\FSharp.PowerPack.Compatibility.dll\n \nOcaml:\n \n Filename.concat \"foo\" \"\";;\n- : string = \"foo/\"\n \n \n \n \nF#:\n \n> Filename.concat \"foo\" \"\";;\n \nval it : string = \"foo\"",
    "LastUpdatedDate": "2013-05-29T07:28:52.303-07:00",
    "PlannedForRelease": "",
    "ReleaseVisibleToPublic": false,
    "Priority": {
      "Name": "Low",
      "Severity": 50,
      "Id": 1
    },
    "ProjectName": "fsharppowerpack",
    "ReportedDate": "2011-08-07T09:54:07.953-07:00",
    "Status": {
      "Name": "Closed",
      "Id": 4
    },
    "ReasonClosed": {
      "Name": "External"
    },
    "Summary": "Filename.concat not compatible with Ocaml: Notice that a directory delimeter is added on the end in Ocaml, but not in F#.",
    "Type": {
      "Name": "Issue",
      "Id": 3
    },
    "VoteCount": 1,
    "Id": 6363
  },
  "FileAttachments": [],
  "Comments": []
}