{
  "WorkItem": {
    "AffectedComponent": {
      "Name": "",
      "DisplayName": ""
    },
    "ClosedComment": "Closing old suggestions since the PowerPack functionality in this drop of the PowerPack will not be expanded from this point.\n\nSome requests for changes in functionality are also being closed for the same reason. \n\nNew functionality can be discussed in the versions of this code on GitHub:\n\n    http://github.com/fsharp/fsharpx\n    http://github.com/fsharp/powerpack\n\nand the Math.NET F# support, for Matrix functionality.",
    "ClosedDate": "2013-05-29T07:28:29.103-07:00",
    "CommentCount": 0,
    "Custom": null,
    "Description": "The following methods all have underscores in their names.  Note that I only checked FSharp.PowerPack.dll - the other PowerPack assemblies may have more.\n \nMicrosoft.FSharp.NativeInterop.PinnedArray`1.of_array\nMicrosoft.FSharp.NativeInterop.PinnedArray2`1.of_array2\nMicrosoft.FSharp.NativeInterop.PinnedArray2`1.of_array2D\nMicrosoft.FSharp.Collections.LazyListModule.to_list\nMicrosoft.FSharp.Collections.LazyListModule.to_array\nMicrosoft.FSharp.Collections.LazyListModule.of_list\nMicrosoft.FSharp.Collections.LazyListModule.of_seq\nMicrosoft.FSharp.Collections.LazyListModule.of_array\nMicrosoft.FSharp.Collections.LazyListModule.to_seq\nMicrosoft.FSharp.Text.Parsing.ParseHelpers.parse_error\nMicrosoft.FSharp.Text.Parsing.ParseHelpers.parse_error_rich\nMicrosoft.FSharp.NativeInterop.NativArrayExtensionsForMatrix.PinnedArray`1.of_vector.Static\nMicrosoft.FSharp.NativeInterop.NativArrayExtensionsForMatrix.PinnedArray`1.of_rowvec.Static\nMicrosoft.FSharp.NativeInterop.NativArrayExtensionsForMatrix.PinnedArray2`1.of_matrix.Static\nMicrosoft.FSharp.Math.RowVectorModule.of_list\nMicrosoft.FSharp.Math.RowVectorModule.of_seq\nMicrosoft.FSharp.Math.RowVectorModule.of_array\nMicrosoft.FSharp.Math.RowVectorModule.to_array\nMicrosoft.FSharp.Math.RowVectorModule+Generic.of_list\nMicrosoft.FSharp.Math.RowVectorModule+Generic.of_array\nMicrosoft.FSharp.Math.RowVectorModule+Generic.of_seq\nMicrosoft.FSharp.Math.RowVectorModule+Generic.to_array\nMicrosoft.FSharp.Math.VectorModule.inplace_assign\nMicrosoft.FSharp.Math.VectorModule.inplace_mapi\nMicrosoft.FSharp.Math.VectorModule.inplace_add\nMicrosoft.FSharp.Math.VectorModule.inplace_sub\nMicrosoft.FSharp.Math.VectorModule.inplace_cptMul\nMicrosoft.FSharp.Math.VectorModule.inplace_scale\nMicrosoft.FSharp.Math.VectorModule.of_array\nMicrosoft.FSharp.Math.VectorModule.to_array\nMicrosoft.FSharp.Math.VectorModule.of_list\nMicrosoft.FSharp.Math.VectorModule.of_seq\nMicrosoft.FSharp.Math.VectorModule.of_scalar\nMicrosoft.FSharp.Math.VectorModule+Generic.inplace_cptMul\nMicrosoft.FSharp.Math.VectorModule+Generic.inplace_scale\nMicrosoft.FSharp.Math.VectorModule+Generic.inplace_mapi\nMicrosoft.FSharp.Math.VectorModule+Generic.inplace_assign\nMicrosoft.FSharp.Math.VectorModule+Generic.of_list\nMicrosoft.FSharp.Math.VectorModule+Generic.of_seq\nMicrosoft.FSharp.Math.VectorModule+Generic.of_array\nMicrosoft.FSharp.Math.VectorModule+Generic.to_array\nMicrosoft.FSharp.Math.VectorModule+Generic.of_scalar\nMicrosoft.FSharp.Math.VectorModule+Generic.inplace_add\nMicrosoft.FSharp.Math.VectorModule+Generic.inplace_sub\nMicrosoft.FSharp.Math.MatrixModule.of_seq\nMicrosoft.FSharp.Math.MatrixModule.init_diagonal\nMicrosoft.FSharp.Math.MatrixModule.of_scalar\nMicrosoft.FSharp.Math.MatrixModule.to_dense\nMicrosoft.FSharp.Math.MatrixModule.init_dense\nMicrosoft.FSharp.Math.MatrixModule.init_sparse\nMicrosoft.FSharp.Math.MatrixModule.nonzero_entries\nMicrosoft.FSharp.Math.MatrixModule.inplace_assign\nMicrosoft.FSharp.Math.MatrixModule.inplace_mapi\nMicrosoft.FSharp.Math.MatrixModule.inplace_cptMul\nMicrosoft.FSharp.Math.MatrixModule.inplace_scale\nMicrosoft.FSharp.Math.MatrixModule.inplace_add\nMicrosoft.FSharp.Math.MatrixModule.inplace_sub\nMicrosoft.FSharp.Math.MatrixModule.of_rowvec\nMicrosoft.FSharp.Math.MatrixModule.of_vector\nMicrosoft.FSharp.Math.MatrixModule.to_vector\nMicrosoft.FSharp.Math.MatrixModule.to_rowvec\nMicrosoft.FSharp.Math.MatrixModule.to_scalar\nMicrosoft.FSharp.Math.MatrixModule.of_array2D\nMicrosoft.FSharp.Math.MatrixModule.to_array2D\nMicrosoft.FSharp.Math.MatrixModule.of_list\nMicrosoft.FSharp.Math.MatrixModule+Generic.inplace_assign\nMicrosoft.FSharp.Math.MatrixModule+Generic.inplace_cptMul\nMicrosoft.FSharp.Math.MatrixModule+Generic.inplace_scale\nMicrosoft.FSharp.Math.MatrixModule+Generic.inplace_mapi\nMicrosoft.FSharp.Math.MatrixModule+Generic.of_rowvec\nMicrosoft.FSharp.Math.MatrixModule+Generic.of_vector\nMicrosoft.FSharp.Math.MatrixModule+Generic.to_vector\nMicrosoft.FSharp.Math.MatrixModule+Generic.to_rowvec\nMicrosoft.FSharp.Math.MatrixModule+Generic.to_scalar\nMicrosoft.FSharp.Math.MatrixModule+Generic.inplace_add\nMicrosoft.FSharp.Math.MatrixModule+Generic.inplace_sub\nMicrosoft.FSharp.Math.MatrixModule+Generic.of_scalar\nMicrosoft.FSharp.Math.MatrixModule+Generic.of_list\nMicrosoft.FSharp.Math.MatrixModule+Generic.of_seq\nMicrosoft.FSharp.Math.MatrixModule+Generic.of_array2D\nMicrosoft.FSharp.Math.MatrixModule+Generic.to_array2D\nMicrosoft.FSharp.Math.MatrixModule+Generic.init_diagonal\nMicrosoft.FSharp.Math.MatrixModule+Generic.init_dense\nMicrosoft.FSharp.Math.MatrixModule+Generic.init_sparse\nMicrosoft.FSharp.Math.MatrixModule+Generic.nonzero_entries\nMicrosoft.FSharp.Math.PermutationModule.of_array\nMicrosoft.FSharp.Math.PermutationModule.of_pairs\nMicrosoft.FSharp.Collections.ResizeArrayModule.to_list\nMicrosoft.FSharp.Collections.ResizeArrayModule.of_list\nMicrosoft.FSharp.Collections.ResizeArrayModule.to_seq\nMicrosoft.FSharp.Text.StructuredFormat.DisplayModule.any_to_layout\nMicrosoft.FSharp.Text.StructuredFormat.DisplayModule.squash_layout\nMicrosoft.FSharp.Text.StructuredFormat.DisplayModule.output_layout\nMicrosoft.FSharp.Text.StructuredFormat.DisplayModule.layout_to_string\nMicrosoft.FSharp.Text.StructuredFormat.DisplayModule.output_any\nMicrosoft.FSharp.Text.StructuredFormat.DisplayModule.layout_as_string\nMicrosoft.FSharp.Text.StructuredFormat.DisplayModule.any_to_string",
    "LastUpdatedDate": "2013-05-29T07:28:29.103-07:00",
    "PlannedForRelease": "",
    "ReleaseVisibleToPublic": false,
    "Priority": {
      "Name": "Low",
      "Severity": 50,
      "Id": 1
    },
    "ProjectName": "fsharppowerpack",
    "ReportedDate": "2010-04-28T20:21:11.803-07:00",
    "Status": {
      "Name": "Closed",
      "Id": 4
    },
    "ReasonClosed": {
      "Name": "External"
    },
    "Summary": "Many functions use old-style names",
    "Type": {
      "Name": "Issue",
      "Id": 3
    },
    "VoteCount": 2,
    "Id": 4444
  },
  "FileAttachments": [],
  "Comments": []
}