{
  "WorkItem": {
    "AffectedComponent": {
      "Name": "",
      "DisplayName": ""
    },
    "ClosedComment": "Closing old suggestions since the PowerPack functionality in this drop of the PowerPack will not be expanded from this point.\n\nSome requests for changes in functionality are also being closed for the same reason. \n\nNew functionality can be discussed in the versions of this code on GitHub:\n\n    http://github.com/fsharp/fsharpx\n    http://github.com/fsharp/powerpack\n\nand the Math.NET F# support, for Matrix functionality.",
    "ClosedDate": "2013-05-29T07:28:51.66-07:00",
    "CommentCount": 0,
    "Custom": null,
    "Description": "Using the F# CodeDOM with an expression tree containing a CodeDefaultValueExpression, what in C# ends up as default(string) produces (* Unknown expression type 'CodeDefaultValueExpression' please report this to the F# team. *) rather than Unchecked.defaultof<string>.",
    "LastUpdatedDate": "2013-05-29T07:28:51.66-07:00",
    "PlannedForRelease": "",
    "ReleaseVisibleToPublic": false,
    "Priority": {
      "Name": "Low",
      "Severity": 50,
      "Id": 1
    },
    "ProjectName": "fsharppowerpack",
    "ReportedDate": "2011-05-31T15:16:29.06-07:00",
    "Status": {
      "Name": "Closed",
      "Id": 4
    },
    "ReasonClosed": {
      "Name": "External"
    },
    "Summary": "Unknown expression type 'CodeDefaultValueExpression' please report this to the F# team.",
    "Type": {
      "Name": "Issue",
      "Id": 3
    },
    "VoteCount": 1,
    "Id": 6173
  },
  "FileAttachments": [],
  "Comments": [
    {
      "Message": "I believe the change would be as simple as adding\r\n\r\n        | :? CodeDefaultValueExpression as ce ->\r\n            generateDefaultValue ce.Type\r\n\r\n(with appropriate indentations) to the match expression in generateExpressionTyped; but have not yet had chance to test this.",
      "PostedDate": "2011-06-17T12:13:53.143-07:00",
      "Id": -2147483648
    },
    {
      "Message": "",
      "PostedDate": "2013-02-21T16:24:56.837-08:00",
      "Id": -2147483648
    },
    {
      "Message": "",
      "PostedDate": "2013-05-29T07:28:51.66-07:00",
      "Id": -2147483648
    }
  ]
}