{
  "WorkItem": {
    "AffectedComponent": {
      "Name": "",
      "DisplayName": ""
    },
    "ClosedComment": "Closing old suggestions since the PowerPack functionality in this drop of the PowerPack will not be expanded from this point.\n\nSome requests for changes in functionality are also being closed for the same reason. \n\nNew functionality can be discussed in the versions of this code on GitHub:\n\n    http://github.com/fsharp/fsharpx\n    http://github.com/fsharp/powerpack\n\nand the Math.NET F# support, for Matrix functionality.",
    "ClosedDate": "2013-05-29T07:28:31.043-07:00",
    "CommentCount": 0,
    "Custom": null,
    "Description": "Reporting a bug (or feature request, if you wish) from André van Meulebrouck.\n \nIt seems logical (at least mathematically speaking) to have simmetry between operators when it comes to add and subtract floats to/from complex.\n \nJust like ( * ), ( + ) and ( - ) [maybe others as well?] should implement the following overloads:\n \nfloat * complex -> complex\ncomplex * float -> complex\n \nFor example,    \n   3.0 + (complex 1.0 1.0) should compile/evaluate to (4.0 + i)\n \nThanks,\n-Matteo",
    "LastUpdatedDate": "2013-05-29T07:28:31.043-07:00",
    "PlannedForRelease": "",
    "ReleaseVisibleToPublic": false,
    "Priority": {
      "Name": "Low",
      "Severity": 50,
      "Id": 1
    },
    "ProjectName": "fsharppowerpack",
    "ReportedDate": "2010-05-23T20:08:44.19-07:00",
    "Status": {
      "Name": "Closed",
      "Id": 4
    },
    "ReasonClosed": {
      "Name": "External"
    },
    "Summary": "Consider adding overloads for operators on complex types",
    "Type": {
      "Name": "Issue",
      "Id": 3
    },
    "VoteCount": 1,
    "Id": 4542
  },
  "FileAttachments": [],
  "Comments": []
}