{
  "WorkItem": {
    "AffectedComponent": {
      "Name": "",
      "DisplayName": ""
    },
    "ClosedComment": "Closing old suggestions since the PowerPack functionality in this drop of the PowerPack will not be expanded from this point.\n\nSome requests for changes in functionality are also being closed for the same reason. \n\nNew functionality can be discussed in the versions of this code on GitHub:\n\n    http://github.com/fsharp/fsharpx\n    http://github.com/fsharp/powerpack\n\nand the Math.NET F# support, for Matrix functionality.",
    "ClosedDate": "2013-05-29T07:28:50.32-07:00",
    "CommentCount": 0,
    "Custom": null,
    "Description": "Whereas <@ int 3s @>.Eval() works fine, <@ int \"3\" @> produces the following exception:\n \nSystem.InvalidOperationException: No coercion operator is defined between types 'System.String' and 'System.Int32'.\n   at System.Linq.Expressions.Expression.GetUserDefinedCoercionOrThrow(ExpressionType coercionType, Expression expression, Type convertToType)\n   at System.Linq.Expressions.Expression.Convert(Expression expression, Type type, MethodInfo method)\n   at System.Linq.Expressions.Expression.Convert(Expression expression, Type type)\n   at Microsoft.FSharp.Linq.QuotationEvaluation.ConvExpr(ConvEnv env, FSharpExpr inp)\n   at Microsoft.FSharp.Linq.QuotationEvaluation.ConvExpr(ConvEnv env, FSharpExpr inp)\n   at Microsoft.FSharp.Linq.QuotationEvaluation.CompileImpl[a](a e, Boolean eraseEquality)\n   at Microsoft.FSharp.Linq.QuotationEvaluation.Expr`1.Eval[T](FSharpExpr`1 )",
    "LastUpdatedDate": "2013-05-29T07:28:50.32-07:00",
    "PlannedForRelease": "",
    "ReleaseVisibleToPublic": false,
    "Priority": {
      "Name": "Low",
      "Severity": 50,
      "Id": 1
    },
    "ProjectName": "fsharppowerpack",
    "ReportedDate": "2011-04-06T19:17:13.983-07:00",
    "Status": {
      "Name": "Closed",
      "Id": 4
    },
    "ReasonClosed": {
      "Name": "External"
    },
    "Summary": "Error evaluating (Microsoft.FSharp.Core.Operators.int:string->int) expression",
    "Type": {
      "Name": "Issue",
      "Id": 3
    },
    "VoteCount": 2,
    "Id": 6020
  },
  "FileAttachments": [],
  "Comments": []
}