{
  "WorkItem": {
    "AffectedComponent": {
      "Name": "",
      "DisplayName": ""
    },
    "ClosedComment": "",
    "ClosedDate": null,
    "CommentCount": 0,
    "Custom": null,
    "Description": "Expression.Typr went virtual in .NET 4.0, and calling it breaks PowerPack bin-compat (compiler issues non-virtual call when compiling against .NET 3.5)",
    "LastUpdatedDate": "2016-11-04T04:41:33.59-07:00",
    "PlannedForRelease": "",
    "ReleaseVisibleToPublic": false,
    "Priority": {
      "Name": "High",
      "Severity": 150,
      "Id": 3
    },
    "ProjectName": "fsharppowerpack",
    "ReportedDate": "2010-05-07T10:25:34.8-07:00",
    "Status": {
      "Name": "Resolved",
      "Id": 7
    },
    "ReasonClosed": {
      "Name": "Unassigned"
    },
    "Summary": "Do not use Expression.Type in PowerPack.Linq",
    "Type": {
      "Name": "Issue",
      "Id": 3
    },
    "VoteCount": 1,
    "Id": 4467
  },
  "FileAttachments": [],
  "Comments": [
    {
      "Message": "#46493",
      "PostedDate": "2010-05-17T10:08:16.327-07:00",
      "Id": -2147483648
    },
    {
      "Message": "",
      "PostedDate": "2010-05-17T10:08:26.787-07:00",
      "Id": -2147483648
    },
    {
      "Message": "",
      "PostedDate": "2011-03-21T15:23:09.48-07:00",
      "Id": -2147483648
    },
    {
      "Message": "",
      "PostedDate": "2012-10-31T12:26:41.847-07:00",
      "Id": -2147483648
    },
    {
      "Message": "",
      "PostedDate": "2013-02-21T16:25:05.77-08:00",
      "Id": -2147483648
    },
    {
      "Message": "",
      "PostedDate": "2013-05-16T03:44:24.143-07:00",
      "Id": -2147483648
    },
    {
      "Message": "",
      "PostedDate": "2013-05-16T03:44:24.27-07:00",
      "Id": -2147483648
    },
    {
      "Message": "",
      "PostedDate": "2013-06-14T00:24:33.07-07:00",
      "Id": -2147483648
    },
    {
      "Message": "NET characterizes an interface IQueryable for underlying foundations of inquiries made up of select/where/join/bunch/sort and a couple of other SQL-like operations. C# and VB have a linguistic structure to compose questions, and desugar this language structure to expressions and expression trees. Motors, for example, LINQ-to-SQL then execute expression trees in different fascinating routes, for instance as SQL. There are numerous other fascinating and intense motors that actualize IQueryable support as well.\n[custom essay writing service](http://www.bestessaywritingservice.co/)",
      "PostedDate": "2016-11-04T04:41:33.59-07:00",
      "Id": -2147483648
    }
  ]
}