{
  "WorkItem": {
    "AffectedComponent": {
      "Name": "",
      "DisplayName": ""
    },
    "ClosedComment": "Closing old suggestions since the PowerPack functionality in this drop of the PowerPack will not be expanded from this point.\n\nSome requests for changes in functionality are also being closed for the same reason. \n\nNew functionality can be discussed in the versions of this code on GitHub:\n\n    http://github.com/fsharp/fsharpx\n    http://github.com/fsharp/powerpack\n\nand the Math.NET F# support, for Matrix functionality.",
    "ClosedDate": "2013-05-29T07:28:25.053-07:00",
    "CommentCount": 0,
    "Custom": null,
    "Description": "Opened by lukeh (Bug 5251 - FSharp 1.0)\nYour initDiagonal functions are generating dense square matrices when they could be generating sparse rectangular matrices. These make matrix multiplications using the result a *lot* slower than necessary and limits the utility of this function. I'd like a breaking change here... :-)\n \n--\nDr Jon Harrop, Flying Frog Consultancy Ltd.\nhttp://www.ffconsultancy.com/?e",
    "LastUpdatedDate": "2013-05-29T07:28:25.053-07:00",
    "PlannedForRelease": "",
    "ReleaseVisibleToPublic": false,
    "Priority": {
      "Name": "Low",
      "Severity": 50,
      "Id": 1
    },
    "ProjectName": "fsharppowerpack",
    "ReportedDate": "2010-08-31T21:22:24.71-07:00",
    "Status": {
      "Name": "Closed",
      "Id": 4
    },
    "ReasonClosed": {
      "Name": "External"
    },
    "Summary": "Suggestion: Matrix.initDiagonal",
    "Type": {
      "Name": "Issue",
      "Id": 3
    },
    "VoteCount": 3,
    "Id": 5103
  },
  "FileAttachments": [],
  "Comments": []
}