{
  "WorkItem": {
    "AffectedComponent": {
      "Name": "",
      "DisplayName": ""
    },
    "ClosedComment": "",
    "ClosedDate": "2013-05-24T09:20:20.067-07:00",
    "CommentCount": 0,
    "Custom": null,
    "Description": "Here's one thing that's really annoying. Say you have an enum Foo { Bar; Baz; }. Now, if I do a match that covers cases Bar and Baz, Visual Studio complains that option enum<Foo>(2) is not covered by the match.\n\nCould you please get rid of this? It's totally unintuitive, annoying and generally unhelpful.\n\nThanks.",
    "LastUpdatedDate": "2013-05-24T09:20:20.64-07:00",
    "PlannedForRelease": "",
    "ReleaseVisibleToPublic": false,
    "Priority": {
      "Name": "Unassigned",
      "Severity": 0,
      "Id": 0
    },
    "ProjectName": "fsharppowerpack",
    "ReportedDate": "2013-04-15T00:14:06.337-07:00",
    "Status": {
      "Name": "Closed",
      "Id": 4
    },
    "ReasonClosed": {
      "Name": "External"
    },
    "Summary": "Do not warn when a match covers all cases of enum",
    "Type": {
      "Name": "Issue",
      "Id": 3
    },
    "VoteCount": 1,
    "Id": 7398
  },
  "FileAttachments": [],
  "Comments": [
    {
      "Message": "Please note - F# language and general compiler suggestions should currently be entered on Visual Studio User Voice or http://github.com/fsharp/fsharp. \r\n\r\nCross-platform issues should be entered on http://github.com/fsharp/fsharp\n",
      "PostedDate": "2013-05-24T09:17:54.28-07:00",
      "Id": -2147483648
    },
    {
      "Message": "",
      "PostedDate": "2013-05-24T09:20:20.067-07:00",
      "Id": -2147483648
    },
    {
      "Message": "",
      "PostedDate": "2013-05-24T09:20:20.64-07:00",
      "Id": -2147483648
    }
  ]
}