{
  "WorkItem": {
    "AffectedComponent": {
      "Name": "",
      "DisplayName": ""
    },
    "ClosedComment": "",
    "ClosedDate": null,
    "CommentCount": 0,
    "Custom": null,
    "Description": "F# quotation evaluation does not support nested quotations. \n(of interest for multi-staged uses, encoding two-level lambda terms as a transformation).\nAs far as I can see, supporting such a feature would require substituting the variable binding \nto the expression inside of the quotation - so potentially easily handled.\n \nopen Microsoft.FSharp.Linq.QuotationEvaluation\nlet c2 = <@ <@ 2 @> @>\nlet _ = c2.Eval()\n \nUnhandled Exception: System.NotSupportedException: Could not convert the following F# Quotation to a LINQ Expression Tree\n--------\nQuote (Value (2))\n-------------\n \n   at Microsoft.FSharp.Linq.QuotationEvaluation.ConvExpr(FSharpMap`2 env, FSharpExpr inp)\n   at Microsoft.FSharp.Linq.QuotationEvaluation.ConvExpr(FSharpMap`2 env, FSharpExpr inp)\n   at Microsoft.FSharp.Linq.QuotationEvaluation.Compile[a](a e)\n   at Microsoft.FSharp.Linq.QuotationEvaluation.Expr`1.Eval[T](FSharpExpr`1 )\n   at <StartupCode$ConsoleApplication1>.$Ms.main@() in",
    "LastUpdatedDate": "2013-02-21T16:25:03.887-08:00",
    "PlannedForRelease": "",
    "ReleaseVisibleToPublic": false,
    "Priority": {
      "Name": "Low",
      "Severity": 50,
      "Id": 1
    },
    "ProjectName": "fsharppowerpack",
    "ReportedDate": "2010-06-10T08:23:11.44-07:00",
    "Status": {
      "Name": "Active",
      "Id": 2
    },
    "ReasonClosed": {
      "Name": "Unassigned"
    },
    "Summary": "Eval of nested quotations",
    "Type": {
      "Name": "Issue",
      "Id": 3
    },
    "VoteCount": 3,
    "Id": 4626
  },
  "FileAttachments": [],
  "Comments": [
    {
      "Message": "Hi Nikolaj,\r\nif you want to experiment with this stuuf, I point you to an existence of QuotationEvaluation.LinqExpressionHelper. It looks like <@ .. <@...@> ..@> can be rewritten into <@ ... (...) |> QuotationEvaluation.LinqExpressionHelper @> which would then compile normally.",
      "PostedDate": "2010-06-14T15:51:12.843-07:00",
      "Id": -2147483648
    },
    {
      "Message": "I am not sure if I follow:\r\n\r\nThe following code throws an exception.\r\n\r\nlet c1 = <@  0 |> LinqExpressionHelper @>\r\ndo  Printf.printf \"%O\\n\" (c1)\r\ndo  Printf.printf \"%O\\n\" (c1.Eval())\r\n\r\nUnhandled Exception: System.ArgumentException: Expression of type 'System.Int32'\r\n cannot be used for return type 'System.Linq.Expressions.Expression`1[System.Int32]'\r\n   at System.Linq.Expressions.Expression.ValidateLambdaArgs(Type delegateType, Expression& body, ReadOnlyCollection`1 parameters)\r\n   at System.Linq.Expressions.Expression.Lambda(Type delegateType, Expression body, IEnumerable`1 parameters)\r\n   at Microsoft.FSharp.Linq.QuotationEvaluation.ConvExpr(ConvEnv env, FSharpExpr inp) in C:\\tmp\\fsharppowerpack-46549\\May2010\\src\\FSharp.PowerPack.Linq\\Linq.fs:line 716\r\n   at Microsoft.FSharp.Linq.QuotationEvaluation.ConvExprs@829.Invoke(FSharpExprinp) in C:\\tmp\\fsharppowerpack-46549\\May2010\\src\\FSharp.PowerPack.Linq\\Linq.fs:line 829\r\n   at Microsoft.FSharp.Primitives.Basics.List.mapToFreshConsTail[a,b](FSharpList`1 cons, FSharpFunc`2 f, FSharpList`1 x)....\r\n\r\nAlso \"fixing\" the main body of ConvExpr does not work directly:\r\n\r\n        | Patterns.Quote e -> \r\n          Expression.Quote (ConvExpr env (MakeFakeExpression(e))) |> asExpr\r\n\r\n(with an without MakeFakeExpression, which seems to me as a no-op anyway, throws)\r\n\r\nUnhandled Exception: System.ArgumentException: Expression of type 'System.Int32'\r\n cannot be used for return type 'System.Linq.Expressions.Expression`1[System.Int\r\n32]'\r\n   at System.Linq.Expressions.Expression.ValidateLambdaArgs(Type delegateType, E\r\nxpression& body, ReadOnlyCollection`1 parameters)\r\n   at System.Linq.Expressions.Expression.Lambda(Type delegateType, Expression bo\r\ndy, IEnumerable`1 parameters)\r\n   at Microsoft.FSharp.Linq.QuotationEvaluation.ConvExpr(ConvEnv env, FSharpExpr\r\n inp) in C:\\tmp\\fsharppowerpack-46549\\May2010\\src\\FSharp.PowerPack.Linq\\Linq.fs:\r\nline 716\r\n   at Microsoft.FSharp.Linq.QuotationEvaluation.ConvExprs@829.Invoke(FSharpExprinp) in C:\\tmp\\fsharppowerpack-46549\\May2010\\src\\FSharp.PowerPack.Linq\\Linq.fs:line 829\r\n   at Microsoft.FSharp.Primitives.Basics.List.mapToFreshConsTail[a,b](FSharpList`1 cons, FSharpFunc`2 f, FSharpList`1 x)\r\n\r\nI am not familiar with the Linq compiler, so would appreciate your advice before spending cycles digging (the wrong places).\r\n\r\nThanks,\r\n\r\nNikolaj\r\n\r\n",
      "PostedDate": "2010-06-14T20:45:51.75-07:00",
      "Id": -2147483648
    },
    {
      "Message": "Sorry - I led you down a wrong path: LinqExpressionHelper can only handle a degenerate case of Foo(Linq.Expression<T>) applied to a value of type T in quotations - I was somehow thinking there is more to it.\r\n\r\nApologies,\r\nDmitry",
      "PostedDate": "2010-06-16T08:36:34.187-07:00",
      "Id": -2147483648
    },
    {
      "Message": "Hmm.. \r\nSimple solutions seem to be elusive, at least to me.\r\nThe following comes close (for nested quotes of type int):\r\n\r\n|  Patterns.Quote e ->    \r\n    Expression.Constant(Expr.Cast<int>(e)) |> asExpr\r\n\r\nbut it depends on a Cast into Expr<T> from a function that works on untyped Exprs, and it disregards the environment with free variables.\r\n",
      "PostedDate": "2010-06-17T11:15:48.347-07:00",
      "Id": -2147483648
    },
    {
      "Message": "Continuing the fun, this time with Michal Moskal, reflection deals with the case of closed expressions:\r\n\r\n        | Patterns.Quote e -> \r\n          let vars = e.GetFreeVars()\r\n          if vars.Count() = 0 then \r\n            let cast_method = typeof<Expr>.GetMethod(\"Cast\").MakeGenericMethod [|e.Type |]\r\n            let e1 = cast_method.Invoke(null, [| e |])\r\n            Expression.Constant(e1) |> asExpr\r\n\r\nThe case with free variables in the body is also doable, but currently requires a few additional hoops.",
      "PostedDate": "2010-06-17T23:21:02.383-07:00",
      "Id": -2147483648
    },
    {
      "Message": "",
      "PostedDate": "2011-01-08T06:29:29.56-08:00",
      "Id": -2147483648
    },
    {
      "Message": "",
      "PostedDate": "2011-02-28T15:28:43.43-08:00",
      "Id": -2147483648
    },
    {
      "Message": "",
      "PostedDate": "2011-03-21T15:23:13.72-07:00",
      "Id": -2147483648
    },
    {
      "Message": "",
      "PostedDate": "2013-02-21T16:25:03.887-08:00",
      "Id": -2147483648
    }
  ]
}