{
  "WorkItem": {
    "AffectedComponent": {
      "Name": "",
      "DisplayName": ""
    },
    "ClosedComment": "Closing old suggestions since the PowerPack functionality in this drop of the PowerPack will not be expanded from this point.\n\nSome requests for changes in functionality are also being closed for the same reason. \n\nNew functionality can be discussed in the versions of this code on GitHub:\n\n    http://github.com/fsharp/fsharpx\n    http://github.com/fsharp/powerpack\n\nand the Math.NET F# support, for Matrix functionality.",
    "ClosedDate": "2013-05-29T07:28:47.787-07:00",
    "CommentCount": 0,
    "Custom": null,
    "Description": "Given:\n \nlet inline example1 a b = fun x -> a + b + x\n \nThe follow evaluates without error:\n \n<@ (example1 3 2) 1 @>.Eval()\n \nHowever, given:\n \nlet inline example2 a b = fun x -> x >= a - b  && x <= a + b\n \nThe following:\n \n<@ (example2 3 2) 1 @>.Eval()\n \nproduces an error message:\n \nSystem.NotSupportedException: Specified method is not supported.\n   at Microsoft.FSharp.Linq.QuotationEvaluation.CompileImpl@840.Invoke(Unit unitVar0)\n   at Microsoft.FSharp.Linq.QuotationEvaluation.Expr`1.Eval[T](FSharpExpr`1 )\n   at <StartupCode$FSI_0023>.$FSI_0023.main@()\nStopped due to error",
    "LastUpdatedDate": "2013-05-29T07:28:47.787-07:00",
    "PlannedForRelease": "",
    "ReleaseVisibleToPublic": false,
    "Priority": {
      "Name": "Low",
      "Severity": 50,
      "Id": 1
    },
    "ProjectName": "fsharppowerpack",
    "ReportedDate": "2011-02-28T15:55:02.187-08:00",
    "Status": {
      "Name": "Closed",
      "Id": 4
    },
    "ReasonClosed": {
      "Name": "External"
    },
    "Summary": "Error evaluation certain statically constrained functions returning lambdas",
    "Type": {
      "Name": "Issue",
      "Id": 3
    },
    "VoteCount": 1,
    "Id": 5882
  },
  "FileAttachments": [],
  "Comments": []
}