{
  "WorkItem": {
    "AffectedComponent": {
      "Name": "",
      "DisplayName": ""
    },
    "ClosedComment": "",
    "ClosedDate": null,
    "CommentCount": 0,
    "Custom": null,
    "Description": "Opened by lukeh (Bug 5850 - FSharp 1.0)\nRalf and I noticed this: \n \nIf these tasks are given bad options in the OtherFlags section then no error is reported back into VS during building\n \nThanks\nDon",
    "LastUpdatedDate": "2013-02-21T16:25:00.637-08:00",
    "PlannedForRelease": "",
    "ReleaseVisibleToPublic": false,
    "Priority": {
      "Name": "Medium",
      "Severity": 100,
      "Id": 2
    },
    "ProjectName": "fsharppowerpack",
    "ReportedDate": "2010-08-31T21:23:42.327-07:00",
    "Status": {
      "Name": "Active",
      "Id": 2
    },
    "ReasonClosed": {
      "Name": "Unassigned"
    },
    "Summary": "Bug: no diagnostics from msbuild task for FsLex and FsYacc if incorrect options are given",
    "Type": {
      "Name": "Issue",
      "Id": 3
    },
    "VoteCount": 1,
    "Id": 5104
  },
  "FileAttachments": [],
  "Comments": []
}