{
  "WorkItem": {
    "AffectedComponent": {
      "Name": "",
      "DisplayName": ""
    },
    "ClosedComment": "",
    "ClosedDate": null,
    "CommentCount": 0,
    "Custom": null,
    "Description": "Should check according to this spec. http://research.microsoft.com/en-us/um/cambridge/projects/fsharp/manual/spec.html#_Toc264041873",
    "LastUpdatedDate": "2013-02-21T16:25:03.253-08:00",
    "PlannedForRelease": "",
    "ReleaseVisibleToPublic": false,
    "Priority": {
      "Name": "Medium",
      "Severity": 100,
      "Id": 2
    },
    "ProjectName": "fsharppowerpack",
    "ReportedDate": "2010-06-29T16:47:43.27-07:00",
    "Status": {
      "Name": "Active",
      "Id": 2
    },
    "ReasonClosed": {
      "Name": "Unassigned"
    },
    "Summary": "Provide an \"admits a null as a normal value\" check for System.Type in FSharp.Metadata",
    "Type": {
      "Name": "Feature",
      "Id": 1
    },
    "VoteCount": 2,
    "Id": 4710
  },
  "FileAttachments": [],
  "Comments": [
    {
      "Message": "Pex would benefit from this API",
      "PostedDate": "2010-06-29T16:48:44.25-07:00",
      "Id": -2147483648
    },
    {
      "Message": "",
      "PostedDate": "2010-06-29T17:08:10.723-07:00",
      "Id": -2147483648
    },
    {
      "Message": "",
      "PostedDate": "2011-03-21T15:23:15.197-07:00",
      "Id": -2147483648
    },
    {
      "Message": "",
      "PostedDate": "2013-02-21T16:25:03.253-08:00",
      "Id": -2147483648
    }
  ]
}