{
  "WorkItem": {
    "AffectedComponent": {
      "Name": "",
      "DisplayName": ""
    },
    "ClosedComment": "Cross-platform issues for the F# power pack should be entered on http://github.com/fsharp/powerpack.",
    "ClosedDate": "2013-05-24T09:21:47.687-07:00",
    "CommentCount": 0,
    "Custom": null,
    "Description": "Please add a Mac installer for PowerPack.",
    "LastUpdatedDate": "2013-05-24T09:21:47.687-07:00",
    "PlannedForRelease": "",
    "ReleaseVisibleToPublic": false,
    "Priority": {
      "Name": "Low",
      "Severity": 50,
      "Id": 1
    },
    "ProjectName": "fsharppowerpack",
    "ReportedDate": "2013-01-20T10:04:53.26-08:00",
    "Status": {
      "Name": "Closed",
      "Id": 4
    },
    "ReasonClosed": {
      "Name": "Unassigned"
    },
    "Summary": "Please add .PKG installer for Mac",
    "Type": {
      "Name": "Issue",
      "Id": 3
    },
    "VoteCount": 1,
    "Id": 7273
  },
  "FileAttachments": [],
  "Comments": []
}