{
  "WorkItem": {
    "AffectedComponent": {
      "Name": "",
      "DisplayName": ""
    },
    "ClosedComment": "",
    "ClosedDate": "2010-04-05T12:10:19.653-07:00",
    "CommentCount": 0,
    "Custom": null,
    "Description": "The code below throws an exception in the FSharp.PowerPack.Linq.dll 'query' function.  Uncommenting the commented line below fixes the problem.  The 'query' function does not appear to correctly handle references to fields of the this pointer inside a type definition.\n \n \n#r \"FSharp.PowerPack.Linq.dll\"\nopen System.Linq\nopen Microsoft.FSharp.Linq.Query\n \ntype Foo() = \n    let source = [1;2;3;4;5].AsQueryable()\n \n    let bar() = \n               //let source = source\n        query <@ seq { for x in source -> x + 1 } @>\n \n    member this.Bar() = bar()\n \n(new Foo()).Bar()",
    "LastUpdatedDate": "2013-05-16T03:44:25.697-07:00",
    "PlannedForRelease": "",
    "ReleaseVisibleToPublic": false,
    "Priority": {
      "Name": "Medium",
      "Severity": 100,
      "Id": 2
    },
    "ProjectName": "fsharppowerpack",
    "ReportedDate": "2010-03-03T15:49:26.997-08:00",
    "Status": {
      "Name": "Closed",
      "Id": 4
    },
    "ReasonClosed": {
      "Name": "Unassigned"
    },
    "Summary": "'query' function throws an exception when accessing fields of class containing quotation literal",
    "Type": {
      "Name": "Issue",
      "Id": 3
    },
    "VoteCount": 2,
    "Id": 4060
  },
  "FileAttachments": [],
  "Comments": [
    {
      "Message": "The problem is elaboration of quotations of implicit field accesses in implicit method definitions.\nUnfortunately there is now PowerPack workaround for this.\nConsider this:\ntype Foo() =\n   let source = [1;2;3]\n   let bar() =\n        let b = <@ source @>\n        b\n   member self.Bar2() =\n        bar()\n   member self.Bar() =\n      let b = <@ source @>\n      b\n \n \nThen quotation in Bar does the right thing:\n> (new Foo()).Bar();;\nval it : Quotations.Expr<int list> =\n  FieldGet (Some (Value (FSI_0004+Foo)),\n          Microsoft.FSharp.Collections.FSharpList`1[System.Int32] source)\n    {CustomAttributes = [NewTuple (Value (\"DebugRange\"),\n          NewTuple (Value (\"C:\\Users\\dmilom\\AppData\\Local\\Temp\\~vsFE01.fsx\"),\n                    Value (9), Value (17), Value (9), Value (23)))];\n     Raw = ...;\n     Type = Microsoft.FSharp.Collections.FSharpList`1[System.Int32];}\nWhich is correct (access to implicit field ‘source’ is via a captured value of this)\nBut quotation for Bar2 does not:\n> (new Foo()).Bar2();;\nval it : Quotations.Expr<int list> =\n  FieldGet (Some (this),\n          Microsoft.FSharp.Collections.FSharpList`1[System.Int32] source)\n    {CustomAttributes = [NewTuple (Value (\"DebugRange\"),\n          NewTuple (Value (\"C:\\Users\\dmilom\\AppData\\Local\\Temp\\~vsFE01.fsx\"),\n                    Value (4), Value (19), Value (4), Value (25)))];\n     Raw = ...;\n     Type = Microsoft.FSharp.Collections.FSharpList`1[System.Int32];}\n(access to implicit field ‘source’ is via undefined variable ‘this’)",
      "PostedDate": "2010-04-05T12:10:19.653-07:00",
      "Id": -2147483648
    },
    {
      "Message": "This is now tracked by 6423 in F# bug database",
      "PostedDate": "2010-04-05T12:47:13.527-07:00",
      "Id": -2147483648
    },
    {
      "Message": "",
      "PostedDate": "2011-03-21T15:23:06.843-07:00",
      "Id": -2147483648
    },
    {
      "Message": "",
      "PostedDate": "2012-10-31T12:26:41.847-07:00",
      "Id": -2147483648
    },
    {
      "Message": "",
      "PostedDate": "2013-02-21T16:25:07.163-08:00",
      "Id": -2147483648
    },
    {
      "Message": "",
      "PostedDate": "2013-05-16T03:44:25.697-07:00",
      "Id": -2147483648
    }
  ]
}