{
  "WorkItem": {
    "AffectedComponent": {
      "Name": "",
      "DisplayName": ""
    },
    "ClosedComment": "",
    "ClosedDate": null,
    "CommentCount": 0,
    "Custom": null,
    "Description": "Error message \"this assembly is built by a runtime newer than the currently loaded runtime and cannot be loaded\"\n \nI have already tried uninstalling and reinstalling the newest PowerPack.\nVS 2010\nFS 2.0.0.0\nWindows 7 Ultimate 64-bit\ntarget assembly is .net 4.0, more importantly manifest says FSharp.Core ver 4.0.0\nfshtmldoc manifest says FSharp.Core ver 2.0.0",
    "LastUpdatedDate": "2017-11-17T17:48:12.817-08:00",
    "PlannedForRelease": "",
    "ReleaseVisibleToPublic": false,
    "Priority": {
      "Name": "Low",
      "Severity": 50,
      "Id": 1
    },
    "ProjectName": "fsharppowerpack",
    "ReportedDate": "2011-08-13T05:21:17.343-07:00",
    "Status": {
      "Name": "Proposed",
      "Id": 1
    },
    "ReasonClosed": {
      "Name": "Unassigned"
    },
    "Summary": "FsHtmlDoc.exe fails",
    "Type": {
      "Name": "Issue",
      "Id": 3
    },
    "VoteCount": 3,
    "Id": 6375
  },
  "FileAttachments": [],
  "Comments": [
    {
      "Message": "It is still in beta however it rapidly drawing nearer being valuable. I have not attempted it on Mono yet but rather am keen on supporting it on Mono. bitbucket(dot)org/IntelliFactory/if-doc \r\n\r\nThe key distinction between our apparatus and fshtmldoc is that our device utilizes Mono. [do my research papers at PurchaseEssaysOnline.com](http://www.purchaseessaysonline.com/pay-to-write-my-research-paper) Cecil as opposed to connecting to the gatherings being reported. This implies it doesn't come up short when those congregations are in an alternate organizer or their references are absent.",
      "PostedDate": "2015-11-09T12:43:32.04-08:00",
      "Id": -2147483648
    },
    {
      "Message": "The same problem happened few days ago. However, I got help from a [PhD dissertation writing service](https://www.cheap-essay-writing.co.uk/phd-thesis-writing-services/) and their consultant fixed the problem.",
      "PostedDate": "2017-11-17T17:48:12.817-08:00",
      "Id": -2147483648
    }
  ]
}