{
  "WorkItem": {
    "AffectedComponent": {
      "Name": "",
      "DisplayName": ""
    },
    "ClosedComment": "",
    "ClosedDate": null,
    "CommentCount": 0,
    "Custom": null,
    "Description": "The ZIP when extracted does not create a directory structure, instead all filenames contain the complete path (using backslashed!) which is wrong. E.g instead of getting a file FSharp.PowerPack.dll in FSharpPowerPack-1.9.9.9/bin, you get a File FSharpPowerPack-1.9.9.9\\bin\\FSharp.PowerPack.dll. Also the filename has some trailing whitespace.",
    "LastUpdatedDate": "2015-11-13T23:13:43.463-08:00",
    "PlannedForRelease": "February 2010",
    "ReleaseVisibleToPublic": false,
    "Priority": {
      "Name": "Low",
      "Severity": 50,
      "Id": 1
    },
    "ProjectName": "fsharppowerpack",
    "ReportedDate": "2010-02-22T23:19:33.397-08:00",
    "Status": {
      "Name": "Resolved",
      "Id": 7
    },
    "ReasonClosed": {
      "Name": "Unassigned"
    },
    "Summary": "Binaries ZIP File broken",
    "Type": {
      "Name": "Issue",
      "Id": 3
    },
    "VoteCount": 2,
    "Id": 4006
  },
  "FileAttachments": [],
  "Comments": [
    {
      "Message": "Recreated and uploaded a zip file with fixed paths and permissions.",
      "PostedDate": "2010-03-01T18:10:30.477-08:00",
      "Id": -2147483648
    },
    {
      "Message": "The new version (May 2010) has the same problem on linux. Please recreate the archive.\r\nWhich archiver (and how) you use to produce zip? Maybe where is a bug in linux archivers (unzip, p7zip)?",
      "PostedDate": "2010-12-10T14:51:03.147-08:00",
      "Id": -2147483648
    },
    {
      "Message": "",
      "PostedDate": "2011-03-21T15:23:04.413-07:00",
      "Id": -2147483648
    },
    {
      "Message": "",
      "PostedDate": "2013-02-21T16:25:07.9-08:00",
      "Id": -2147483648
    },
    {
      "Message": "",
      "PostedDate": "2013-05-16T03:44:26.5-07:00",
      "Id": -2147483648
    },
    {
      "Message": "",
      "PostedDate": "2013-05-16T03:44:26.613-07:00",
      "Id": -2147483648
    },
    {
      "Message": "",
      "PostedDate": "2013-06-14T00:24:34.36-07:00",
      "Id": -2147483648
    },
    {
      "Message": "A Binary record is any document that does not comprise singularly of coherent content or alphanumeric information (ie. not a 'content record').  [purchase essay papers online](http://www.buyessaytoday.com\n)\r\n\r\n\nIt could be an information record, a compacted (zip'd) content document, system records or pretty much something besides message. \r\n\r\nInquisitively, the spare documents from numerous word processors are really paired, as they utilize non-content information to control all the organizing.",
      "PostedDate": "2015-11-09T05:31:09.85-08:00",
      "Id": -2147483648
    },
    {
      "Message": "A ZIP document is a record that demonstrations like an envelope in that you can put different documents in it yet it likewise accomplishes more than an organizer does by compacting the records in it to spare space. [Essay paper writers](http://www.masterpaperwriters.com)",
      "PostedDate": "2015-11-13T23:13:43.463-08:00",
      "Id": -2147483648
    }
  ]
}