{
  "WorkItem": {
    "AffectedComponent": {
      "Name": "",
      "DisplayName": ""
    },
    "ClosedComment": "Closing old suggestions since the PowerPack functionality in this drop of the PowerPack will not be expanded from this point.\n\nSome requests for changes in functionality are also being closed for the same reason. \n\nNew functionality can be discussed in the versions of this code on GitHub:\n\n    http://github.com/fsharp/fsharpx\n    http://github.com/fsharp/powerpack\n\nand the Math.NET F# support, for Matrix functionality.",
    "ClosedDate": "2013-05-29T07:28:32.99-07:00",
    "CommentCount": 0,
    "Custom": null,
    "Description": "Code compiled with FSharpCodeProvider fails when it calls another library compiled with FSharpCodeProvider if it defines a type. See the Expected Results below.\n \nRepro Steps:\n1. In Visual Studio, create a new F# console project.\n2. In References, add FSharp.Compiler.CodeDom. (May need to install PowerPack.)\n3. Enter the following script and run in a console window.\nmodule Main\nopen System\nopen System.Reflection\nopen Microsoft.FSharp.Compiler.CodeDom\nlet myLibraryCode = @\"\n#light\nmodule MyLibrary\nopen System\ntype T1 = LibraryX of int\nlet libraryInt() = 1\n\"\nlet myLibraryLocation =\nlet parameters = new System.CodeDom.Compiler.CompilerParameters() in\nparameters.ReferencedAssemblies.AddRange [| typeof<int>.Assembly.Location |]\nparameters.OutputAssembly <- System.IO.Path.GetTempPath() + \"MyLibrary.dll\"\n(new FSharpCodeProvider()).CompileAssemblyFromSource(\nparameters, [| myLibraryCode |]).CompiledAssembly.Location\nlet inMemoryCode = @\"\n#light\nmodule InMemory\nopen MyLibrary\ntype T2 = MemoryX of int\nlet testMemoryX() = MemoryX 1\nlet testLibraryInt() = libraryInt()\nlet testLibraryX() = LibraryX 1\n\"\nlet inMemory =\nlet parameters = new System.CodeDom.Compiler.CompilerParameters() in\nparameters.ReferencedAssemblies.AddRange [| typeof<int>.Assembly.Location; \nmyLibraryLocation |]\nparameters.GenerateInMemory <- true\n(new FSharpCodeProvider()).CompileAssemblyFromSource(\nparameters, [| inMemoryCode |]).CompiledAssembly.GetType(\"InMemory\")\ndo Console.Write(\"testMemoryX: \")\ndo Console.WriteLine(\ninMemory.InvokeMember(\n\"testMemoryX\", System.Reflection.BindingFlags.InvokeMethod, null, null, [| |]))\ndo Console.Write(\"testLibraryInt: \")\ndo Console.WriteLine(\ninMemory.InvokeMember(\n\"testLibraryInt\", System.Reflection.BindingFlags.InvokeMethod, null, null, [| |]))\ndo Console.Write(\"testLibraryX: \")\ntry\ndo Console.WriteLine(\ninMemory.InvokeMember(\n\"testLibraryX\", System.Reflection.BindingFlags.InvokeMethod, null, null, [| |]))\nwith\n| :? System.IO.FileNotFoundException as ex -> Console.WriteLine(ex.Message)\n \nActual Results:\ntestMemoryX: InMemory+T2\ntestLibraryInt: 1\ntestLibraryX: Could not load file or assembly 'MyLibrary, Version=0.0.0.0, Cultu\nre=neutral, PublicKeyToken=null' or one of its dependencies. The system cannot f\nind the file specified.\nExpected Results:\ntestMemoryX: InMemory+T2\ntestLibraryInt: 1\ntestLibraryX: MyLibrary+T1\nI include testMemoryX to show what testLibraryX is supposed to do. I include testLibraryInt to show that it is possible to access code in MyLibrary. testLibraryX should behave like testMemoryX, but because LibraryX is defined in MyLibrary it fails.",
    "LastUpdatedDate": "2013-05-29T07:28:32.99-07:00",
    "PlannedForRelease": "",
    "ReleaseVisibleToPublic": false,
    "Priority": {
      "Name": "Low",
      "Severity": 50,
      "Id": 1
    },
    "ProjectName": "fsharppowerpack",
    "ReportedDate": "2010-06-22T10:51:43.837-07:00",
    "Status": {
      "Name": "Closed",
      "Id": 4
    },
    "ReasonClosed": {
      "Name": "External"
    },
    "Summary": "Cannot invoke compiled F# function that uses a type",
    "Type": {
      "Name": "Issue",
      "Id": 3
    },
    "VoteCount": 1,
    "Id": 4680
  },
  "FileAttachments": [],
  "Comments": []
}