{
  "WorkItem": {
    "AffectedComponent": {
      "Name": "",
      "DisplayName": ""
    },
    "ClosedComment": "Closing old suggestions since the PowerPack functionality in this drop of the PowerPack will not be expanded from this point.\n\nSome requests for changes in functionality are also being closed for the same reason. \n\nNew functionality can be discussed in the versions of this code on GitHub:\n\n    http://github.com/fsharp/fsharpx\n    http://github.com/fsharp/powerpack\n\nand the Math.NET F# support, for Matrix functionality.",
    "ClosedDate": "2013-05-29T07:28:56.083-07:00",
    "CommentCount": 0,
    "Custom": null,
    "Description": "I had some strange issues working with Visual Studio 2012 and .net 4.5.It seems that in a F# project with .net 4.5, when the current build of powerpack is referenced, some bytecode is incompatible. I got MissingMethodException on PSeq.forall. I solved the problem by rebuilding powerpack with VS 2012 and setting the target framework to .net 4.5.",
    "LastUpdatedDate": "2013-05-29T07:28:56.083-07:00",
    "PlannedForRelease": "",
    "ReleaseVisibleToPublic": false,
    "Priority": {
      "Name": "Low",
      "Severity": 50,
      "Id": 1
    },
    "ProjectName": "fsharppowerpack",
    "ReportedDate": "2012-11-22T08:16:04.863-08:00",
    "Status": {
      "Name": "Closed",
      "Id": 4
    },
    "ReasonClosed": {
      "Name": "External"
    },
    "Summary": "Powerpack with .net 4.5",
    "Type": {
      "Name": "Issue",
      "Id": 3
    },
    "VoteCount": 1,
    "Id": 7206
  },
  "FileAttachments": [],
  "Comments": []
}