{
  "WorkItem": {
    "AffectedComponent": {
      "Name": "",
      "DisplayName": ""
    },
    "ClosedComment": "Closing old suggestions since the PowerPack functionality in this drop of the PowerPack will not be expanded from this point.\n\nSome requests for changes in functionality are also being closed for the same reason. \n\nNew functionality can be discussed in the versions of this code on GitHub:\n\n    http://github.com/fsharp/fsharpx\n    http://github.com/fsharp/powerpack\n\nand the Math.NET F# support, for Matrix functionality.",
    "ClosedDate": "2013-05-29T07:28:24.347-07:00",
    "CommentCount": 0,
    "Custom": null,
    "Description": "I don't understand why the vast majority of F# developers (those using VS 2010 and .NET 4) are forced to either download the source and compile their own version of the PowerPack, or set up an assembly binding redirect for the .NET 4 version of FSharp.Core for each project that uses the PowerPack.\n \nWould you consider making an official .NET 4 build and allowing people to download either the .NET 4 or the .NET 2 version, depending on their needs?\n \nEven better, could you please, please put both versions into an official NuGet package? Daniel Mohl has set up an unofficial package (http://nuget.org/List/Packages/FSPowerPack.Community) but the last time I checked, his version still had .NET 2 binaries in the \"Net40\" folder.",
    "LastUpdatedDate": "2013-05-29T07:28:24.347-07:00",
    "PlannedForRelease": "",
    "ReleaseVisibleToPublic": false,
    "Priority": {
      "Name": "Low",
      "Severity": 50,
      "Id": 1
    },
    "ProjectName": "fsharppowerpack",
    "ReportedDate": "2011-03-15T15:52:44.123-07:00",
    "Status": {
      "Name": "Closed",
      "Id": 4
    },
    "ReasonClosed": {
      "Name": "External"
    },
    "Summary": "Suggestion: .NET 4 release, NuGet package",
    "Type": {
      "Name": "Issue",
      "Id": 3
    },
    "VoteCount": 9,
    "Id": 5940
  },
  "FileAttachments": [],
  "Comments": [
    {
      "Message": "The unofficial NuGet package that you mentioned (http://nuget.org/List/Packages/FSPowerPack.Community) now includes the .NET 4.0 binaries in the Net40 folder.\r\n\r\nThanks,\r\n\r\nDaniel Mohl",
      "PostedDate": "2011-07-01T21:59:42.527-07:00",
      "Id": -2147483648
    },
    {
      "Message": "",
      "PostedDate": "2011-08-11T06:07:43.1-07:00",
      "Id": -2147483648
    },
    {
      "Message": "",
      "PostedDate": "2011-09-01T08:59:51.287-07:00",
      "Id": -2147483648
    },
    {
      "Message": "",
      "PostedDate": "2012-10-22T01:09:15.773-07:00",
      "Id": -2147483648
    },
    {
      "Message": "",
      "PostedDate": "2013-02-21T16:24:57.913-08:00",
      "Id": -2147483648
    },
    {
      "Message": "",
      "PostedDate": "2013-04-23T10:33:03.01-07:00",
      "Id": -2147483648
    },
    {
      "Message": "",
      "PostedDate": "2013-05-29T07:28:24.347-07:00",
      "Id": -2147483648
    }
  ]
}