{
  "WorkItem": {
    "AffectedComponent": {
      "Name": "",
      "DisplayName": ""
    },
    "ClosedComment": "Closing old suggestions since the PowerPack functionality in this drop of the PowerPack will not be expanded from this point.\n\nSome requests for changes in functionality are also being closed for the same reason. \n\nNew functionality can be discussed in the versions of this code on GitHub:\n\n    http://github.com/fsharp/fsharpx\n    http://github.com/fsharp/powerpack\n\nand the Math.NET F# support, for Matrix functionality.",
    "ClosedDate": "2013-05-29T07:28:53.61-07:00",
    "CommentCount": 0,
    "Custom": null,
    "Description": "The current spec is\n \nlet string_of_float (x:float) = x.ToString()\n \nI think it should be \n \nlet string_of_float (x:float) = \n    x.ToString(System.Globalization.CultureInfo.InvariantCulture) \n \nOcaml didn't look at any culture.",
    "LastUpdatedDate": "2013-05-29T07:28:53.61-07:00",
    "PlannedForRelease": "",
    "ReleaseVisibleToPublic": false,
    "Priority": {
      "Name": "Low",
      "Severity": 50,
      "Id": 1
    },
    "ProjectName": "fsharppowerpack",
    "ReportedDate": "2012-04-06T06:20:40.073-07:00",
    "Status": {
      "Name": "Closed",
      "Id": 4
    },
    "ReasonClosed": {
      "Name": "External"
    },
    "Summary": "string_of_float is missing CultureInfo.InvariantCulture",
    "Type": {
      "Name": "Issue",
      "Id": 3
    },
    "VoteCount": 1,
    "Id": 6881
  },
  "FileAttachments": [],
  "Comments": [
    {
      "Message": "and \r\n\r\nlet to_string (x:float) = (box x).ToString()",
      "PostedDate": "2012-04-06T06:55:53.68-07:00",
      "Id": -2147483648
    },
    {
      "Message": "for Complex, you have done it right:\r\n\r\nmember x.ToString(fmt) = x.ToString(fmt,CultureInfo.InvariantCulture)",
      "PostedDate": "2012-04-06T06:56:28.517-07:00",
      "Id": -2147483648
    },
    {
      "Message": "",
      "PostedDate": "2013-02-21T16:24:55.397-08:00",
      "Id": -2147483648
    },
    {
      "Message": "",
      "PostedDate": "2013-05-29T07:28:53.61-07:00",
      "Id": -2147483648
    }
  ]
}