{
  "WorkItem": {
    "AffectedComponent": {
      "Name": "",
      "DisplayName": ""
    },
    "ClosedComment": "Closing old suggestions since the PowerPack functionality in this drop of the PowerPack will not be expanded from this point.\n\nSome requests for changes in functionality are also being closed for the same reason. \n\nNew functionality can be discussed in the versions of this code on GitHub:\n\n    http://github.com/fsharp/fsharpx\n    http://github.com/fsharp/powerpack\n\nand the Math.NET F# support, for Matrix functionality.",
    "ClosedDate": "2013-05-29T07:28:44.363-07:00",
    "CommentCount": 0,
    "Custom": null,
    "Description": "fshtmldoc.exe fails with NullReferenceException when invoked on\nan assembly that has references. It happens when the tool is\ninvoked from a different folder than the assembly:\n \n\\path1\\fshtmldoc.exe \\path2\\A1.dll\n \nThe problem can be tracked down to this method:\n \nFSharpAssembly.FromFile, FSharp.PowerPack.Metadata (Metadata.fs, L313)\n \nAssuming A1.dll references A2.dll living in \\path2\\A2.dll, the\nmethod fails since the default .NET loader is used, and it cannot find A2.\n \nOne solution is to create a new AppDomain for loading/reflecting\nevery assembly, and set this AppDomain's home directory to the\ndirectory where the assembly is located.\n \nThere is a patch attached that does this.\n \nCare must be taken to dispose of the AppDomain after it is no\nlonger needed, the patch does not address that.",
    "LastUpdatedDate": "2013-05-29T07:28:44.363-07:00",
    "PlannedForRelease": "",
    "ReleaseVisibleToPublic": false,
    "Priority": {
      "Name": "Low",
      "Severity": 50,
      "Id": 1
    },
    "ProjectName": "fsharppowerpack",
    "ReportedDate": "2010-10-22T03:05:02.207-07:00",
    "Status": {
      "Name": "Closed",
      "Id": 4
    },
    "ReasonClosed": {
      "Name": "External"
    },
    "Summary": "fshtmldoc.exe fails with NullReferenceException",
    "Type": {
      "Name": "Issue",
      "Id": 3
    },
    "VoteCount": 2,
    "Id": 5329
  },
  "FileAttachments": [
    {
      "FileId": 1821,
      "FileName": "5329.diff",
      "DownloadUrl": ".\\1821"
    }
  ],
  "Comments": [
    {
      "Message": "This seems to happen whenever the DLL has references.  I am using May 2010 release, WinXP, F# 2.0.0.0.\r\n",
      "PostedDate": "2010-10-22T03:06:22.267-07:00",
      "Id": -2147483648
    },
    {
      "Message": "This can be fixed if I explicitly provide the references as arguments to fshtmldoc, in reference order (which is painful), but then for larger projects it starts ignoring the DLL completely and just generates the documentation for the references.",
      "PostedDate": "2010-10-22T03:08:09.38-07:00",
      "Id": -2147483648
    },
    {
      "Message": "Reproduced on *head* build.",
      "PostedDate": "2010-10-22T03:28:08.8-07:00",
      "Id": -2147483648
    },
    {
      "Message": "As it turns out, the issue is with FSharp.Powerpack.MetaData loading of assemblies and interacting with the .NET loader. When I invoke fshtmldoc from its installation location on a file in my local directory, FSharp.PowerPack.Metadata fails to load the reference assemblies of the documented assembly, as they current directory is not used by the .NET loader.\r\n\r\nI still think this is a bug because I do not want to copy fshtmldoc.exe and all its references into my folder simply to run it. For all I know, there may be even a conflict on one of the assemblies.\r\n\r\nAs we are in a similar situation with our WebSharper tool, I applied our Loader module that creates a temporary AppDomain to load the assembly *and its references* into the current process. Please see the attached patch. It resolves the issue for me.",
      "PostedDate": "2010-10-22T06:25:13.68-07:00",
      "Id": -2147483648
    },
    {
      "Message": "",
      "PostedDate": "2010-10-22T06:27:10.427-07:00",
      "Id": -2147483648
    },
    {
      "Message": "Attaching 5329.diff",
      "PostedDate": "2010-10-22T06:27:11.593-07:00",
      "Id": -2147483648
    },
    {
      "Message": "5329.diff",
      "PostedDate": "2010-10-22T06:30:43.323-07:00",
      "Id": -2147483648
    },
    {
      "Message": "5329.diff",
      "PostedDate": "2010-10-22T06:30:47.637-07:00",
      "Id": -2147483648
    },
    {
      "Message": "",
      "PostedDate": "2010-10-22T06:37:31.96-07:00",
      "Id": -2147483648
    },
    {
      "Message": "I apologize for multiple issue submissions - seems like CodePlex is not working correctly with my Chrome browser.",
      "PostedDate": "2010-10-22T06:39:37.75-07:00",
      "Id": -2147483648
    },
    {
      "Message": "",
      "PostedDate": "2012-03-20T15:44:38.223-07:00",
      "Id": -2147483648
    },
    {
      "Message": "",
      "PostedDate": "2013-02-21T16:24:59.163-08:00",
      "Id": -2147483648
    },
    {
      "Message": "",
      "PostedDate": "2013-05-29T07:28:44.363-07:00",
      "Id": -2147483648
    }
  ]
}