[
  {
    "Id": "0",
    "Name": "PowerPack for FSharp 3.0 + .NET 4.x + VS2012",
    "DevelopmentStatus": "Stable",
    "Description": "This is a release of the old FSharp Power Pack binaries recompiled for F# 3.0, .NET 4.0/4.5 and Silveright 5. \n\nNOTE: This is for F# 3.0 & .NET 4.0 or F# 3.0 & Silverlight 5\nNOTE: The assemblies are not added to the GAC, but are strong named\nNOTE: In some cases functionality overlaps with F# 3.0, e.g. SI Units of measure",
    "ReleasedDatge": "0001-01-01T00:00:00",
    "ModifiedDate": "2013-02-17T09:32:55.403-08:00",
    "Files": [
      {
        "Id": "67463ffb-4d9c-4646-a3d6-57156208f7d5",
        "FileName": "InstallFSharpPowerPack-strongnames.msi",
        "Url": "./0/67463ffb-4d9c-4646-a3d6-57156208f7d5",
        "Type": "Application",
        "UploadDate": "2013-02-17T09:32:52.593-08:00"
      },
      {
        "Id": "06a5f49b-ef25-484c-a4e8-ef41b8be401e",
        "FileName": "FSharpPowerPack-4.0.0.0-strongnames.zip",
        "Url": "./0/06a5f49b-ef25-484c-a4e8-ef41b8be401e",
        "Type": "Application",
        "UploadDate": "2013-02-17T09:32:52.31-08:00"
      }
    ]
  },
  {
    "Id": "1",
    "Name": "PowerPack for FSharp 2.0 + VS2010",
    "DevelopmentStatus": "Stable",
    "Description": "!! Installing and using the F# Extras\n\nThis release of the F# Extras includes an installer and zip.\nThe installer will put the powerpack components and tools onto the target machine and also register the PowerPack as reference assemblies under .Net framework and Silverlight for easy use from Visual Studio, MSBuild and F# Scripts. Single installer works for Visual Studio 2008 and Visual Studio 2010.\n\nThe zip contains just the binary files, that can be used with other CIL-compatible implementations, such as Mono.\n\nThe sources are available in the Source Code tab.",
    "ReleasedDatge": "0001-01-01T00:00:00",
    "ModifiedDate": "2012-12-17T15:20:43.697-08:00",
    "Files": [
      {
        "Id": "8385d00d-0c4b-4029-b81f-f0d2aad7d7bd",
        "FileName": "InstallFSharpPowerPack.msi",
        "Url": "./1/8385d00d-0c4b-4029-b81f-f0d2aad7d7bd",
        "Type": "Application",
        "UploadDate": "2010-05-30T13:51:59.177-07:00"
      }
    ]
  }
]