[
  {
    "Title": "Home",
    "Id": "915674",
    "ParentWikiTitle": "Home",
    "FileExtension": "html",
    "UpdatedDate": "2014-09-09T07:21:52.403-07:00",
    "FileAttachments": []
  },
  {
    "Title": "FsLex Documentation",
    "Id": "299226",
    "ParentWikiTitle": "Home",
    "FileExtension": "html",
    "UpdatedDate": "2010-08-03T11:12:45.927-07:00",
    "FileAttachments": []
  },
  {
    "Title": "FsYacc",
    "Id": "299220",
    "ParentWikiTitle": "Home",
    "FileExtension": "html",
    "UpdatedDate": "2010-08-03T11:10:19.88-07:00",
    "FileAttachments": []
  }
]
